participant_id,has_explicit_id,num_conversations,num_esperanto_conversations,first_activity_unix,last_activity_unix,first_activity_datetime,last_activity_datetime,total_study_duration_min,total_active_duration_min,avg_conversation_duration_min,total_messages,total_user_messages,avg_user_messages_per_conv,quiz_duration_min,quiz_title,quiz_csn,quiz_user_messages,study_date,study_time,study_session,csn_folders,primary_csn,conversation_titles
01122024_1000_17,True,2,1,1733394818.072759,1733395295.556359,2024-12-05T10:33:38.072759,2024-12-05T10:41:35.556359,7.96,6.21,3.11,30,10,5.0,6.13,ID Provided Assistance,CSN17,9,01122024,1000,17,CSN17,CSN17,ID Confirmation and Assistance | ID Provided Assistance
01122024_1200_10,True,1,1,1733142075.664779,1733142952.636554,2024-12-02T12:21:15.664779,2024-12-02T12:35:52.636554,14.62,10.96,10.96,24,10,10.0,10.96,ID Confirmation Request,CSN10,10,01122024,1200,10,CSN10,CSN10,ID Confirmation Request
01122024_1215_7,True,1,1,1733141815.845211,1733142804.69426,2024-12-02T12:16:55.845211,2024-12-02T12:33:24.694260,16.48,14.82,14.82,26,13,13.0,14.82,ID Interpretation Inquiry,CSN7,13,01122024,1215,7,CSN7,CSN7,ID Interpretation Inquiry
01122024_1500_11,True,8,8,1733141966.443591,1733418052.337016,2024-12-02T12:19:26.443591,2024-12-05T17:00:52.337016,4601.43,86.4,10.8,209,95,11.88,23.84,Esperanto Exercises Help,CSN4,32,01122024,1500,11,"CSN1,CSN11,CSN15,CSN17,CSN22,CSN4,CSN5",CSN1,ID and Time Query | ID Assistance | Timestamp Event Summary | Esperanto Exercises Help | ID Provided Assistance | ID request summary | ID Confirmation | ID Input Assistance
02122024_1135_10,True,1,1,1733225652.843984,1733226798.076303,2024-12-03T11:34:12.843984,2024-12-03T11:53:18.076303,19.09,17.81,17.81,46,22,22.0,17.81,ID Assistance,CSN10,22,02122024,1135,10,CSN10,CSN10,ID Assistance
02122024_1200_13,True,1,0,1733143029.71393,1733143045.247405,2024-12-02T12:37:09.713930,2024-12-02T12:37:25.247405,0.26,0.1,0.1,5,1,1.0,0,,,0,02122024,1200,13,CSN13,CSN13,ID Inquiry Assistance
02122024_1200_17,True,1,1,1733141972.476677,1733142724.597601,2024-12-02T12:19:32.476677,2024-12-02T12:32:04.597601,12.54,6.49,6.49,17,5,5.0,6.49,ID Confirmation Assistance,CSN17,5,02122024,1200,17,CSN17,CSN17,ID Confirmation Assistance
02122024_1200_20,True,1,1,1733142428.162461,1733143082.174668,2024-12-02T12:27:08.162461,2024-12-02T12:38:02.174668,10.9,8.38,8.38,18,8,8.0,8.38,Nottingham Weather Forecast,CSN20,8,02122024,1200,20,CSN20,CSN20,Nottingham Weather Forecast
02122024_1217_12,True,1,1,1733141099.675861,1733142564.826229,2024-12-02T12:04:59.675861,2024-12-02T12:29:24.826229,24.42,23.0,23.0,19,9,9.0,23.0,Lerni Esperanton,CSN9,9,02122024,1217,12,CSN9,CSN9,Lerni Esperanton
02122024_1217_19,True,1,1,1733141873.676369,1733142760.837161,2024-12-02T12:17:53.676369,2024-12-02T12:32:40.837161,14.79,13.78,13.78,18,9,9.0,13.78,ID clarification request,CSN19,9,02122024,1217,19,CSN19,CSN19,ID clarification request
02122024_1222_06,True,1,0,1733142204.454092,1733143132.335622,2024-12-02T12:23:24.454092,2024-12-02T12:38:52.335622,15.46,0.03,0.03,3,1,1.0,0,,,0,02122024,1222,06,CSN6,CSN6,ID Inquiry Assistance
03122004_1500_16,True,1,0,1733240386.483797,1733240609.410403,2024-12-03T15:39:46.483797,2024-12-03T15:43:29.410403,3.72,0.03,0.03,3,1,1.0,0,,,0,03122004,1500,16,CSN16,CSN16,ID Assistance
03122024_1000_09,True,1,1,1733221721.771127,1733222500.63623,2024-12-03T10:28:41.771127,2024-12-03T10:41:40.636230,12.98,10.37,10.37,31,15,15.0,10.37,ID Sharing Assistance,CSN9,15,03122024,1000,09,CSN9,CSN9,ID Sharing Assistance
03122024_1000_12,True,1,1,1733221444.27124,1733222253.957946,2024-12-03T10:24:04.271240,2024-12-03T10:37:33.957946,13.49,11.66,11.66,33,14,14.0,11.66,ID Assistance Request,CSN9,14,03122024,1000,12,CSN9,CSN9,ID Assistance Request
03122024_1000_17,True,1,1,1733221545.364851,1733222447.095603,2024-12-03T10:25:45.364851,2024-12-03T10:40:47.095603,15.03,10.59,10.59,18,7,7.0,10.59,ID Update Confirmation,CSN17,7,03122024,1000,17,CSN17,CSN17,ID Update Confirmation
03122024_1000_22,True,1,1,1733221310.088174,1733222206.865644,2024-12-03T10:21:50.088174,2024-12-03T10:36:46.865644,14.95,13.61,13.61,44,21,21.0,13.61,ID Assistance,CSN22,21,03122024,1000,22,CSN22,CSN22,ID Assistance
03122024_1000_5,True,1,1,1733221583.132548,1733222108.652242,2024-12-03T10:26:23.132548,2024-12-03T10:35:08.652242,8.76,7.99,7.99,19,9,9.0,7.99,ID Confirmation Assistance,CSN5,9,03122024,1000,5,CSN5,CSN5,ID Confirmation Assistance
03122024_1000_6,True,1,1,1733230760.094348,1733231600.228144,2024-12-03T12:59:20.094348,2024-12-03T13:13:20.228144,14.0,13.07,13.07,13,6,6.0,13.07,Conversation Summary Request,CSN6,6,03122024,1000,6,CSN6,CSN6,Conversation Summary Request
03122024_1015_19,True,1,1,1733220942.69296,1733222002.177396,2024-12-03T10:15:42.692960,2024-12-03T10:33:22.177396,17.66,16.7,16.7,75,36,36.0,16.7,ID Reference Assistance,CSN19,36,03122024,1015,19,CSN19,CSN19,ID Reference Assistance
03122024_1021_20,True,1,1,1733220583.186397,1733221855.941681,2024-12-03T10:09:43.186397,2024-12-03T10:30:55.941681,21.21,19.43,19.43,35,17,17.0,19.43,Esperanto Traduko Klarigo,CSN20,17,03122024,1021,20,CSN20,CSN20,Esperanto Traduko Klarigo
03122024_1032_16,True,1,1,1733221883.537607,1733222534.992119,2024-12-03T10:31:23.537607,2024-12-03T10:42:14.992119,10.86,5.08,5.08,18,7,7.0,5.08,Date Time Identifier Query,CSN16,7,03122024,1032,16,CSN16,CSN16,Date Time Identifier Query
03122024_1115_02,True,1,1,1733225964.262338,1733227124.05512,2024-12-03T11:39:24.262338,2024-12-03T11:58:44.055120,19.33,17.86,17.86,58,27,27.0,17.86,ID Provided Assistance,CSN2,27,03122024,1115,02,CSN2,CSN2,ID Provided Assistance
03122024_1115_11,True,1,1,1733226479.907213,1733228565.182605,2024-12-03T11:47:59.907213,2024-12-03T12:22:45.182605,34.75,34.11,34.11,11,5,5.0,34.11,ID Request Summary,CSN11,5,03122024,1115,11,CSN11,CSN11,ID Request Summary
03122024_1115_13,True,1,1,1733226228.234544,1733227068.758642,2024-12-03T11:43:48.234544,2024-12-03T11:57:48.758642,14.01,13.33,13.33,70,30,30.0,13.33,ID Update Request,CSN13,30,03122024,1115,13,CSN13,CSN13,ID Update Request
03122024_1115_15,True,1,1,1733225598.689259,1733227034.919264,2024-12-03T11:33:18.689259,2024-12-03T11:57:14.919264,23.94,23.83,23.83,86,41,41.0,23.83,ID Sharing Assistance,CSN15,41,03122024,1115,15,CSN15,CSN15,ID Sharing Assistance
03122024_1115_20,True,1,1,1733225773.763895,1733226803.002075,2024-12-03T11:36:13.763895,2024-12-03T11:53:23.002075,17.15,9.79,9.79,17,8,8.0,9.79,ID clarification request,CSN20,8,03122024,1115,20,CSN20,CSN20,ID clarification request
03122024_1115_22,True,1,1,1733226076.290694,1733227084.197058,2024-12-03T11:41:16.290694,2024-12-03T11:58:04.197058,16.8,2.96,2.96,5,2,2.0,2.96,ID Assistance,CSN22,2,03122024,1115,22,CSN22,CSN22,ID Assistance
03122024_1115_4,True,1,1,1733226075.157707,1733226967.808379,2024-12-03T11:41:15.157707,2024-12-03T11:56:07.808379,14.88,14.3,14.3,70,34,34.0,14.3,ID Request and Assistance,CSN4,34,03122024,1115,4,CSN4,CSN4,ID Request and Assistance
03122024_1135_14,True,1,1,1733225797.251123,1733235699.403131,2024-12-03T11:36:37.251123,2024-12-03T14:21:39.403131,165.04,163.64,163.64,146,72,72.0,163.64,ID clarification request,CSN14,72,03122024,1135,14,CSN14,CSN14,ID clarification request
03122024_1138_8,True,1,1,1733225908.168408,1733226739.844706,2024-12-03T11:38:28.168408,2024-12-03T11:52:19.844706,13.86,13.11,13.11,21,10,10.0,13.11,ID Reference Request,CSN8,10,03122024,1138,8,CSN8,CSN8,ID Reference Request
03122024_1138_9,True,1,1,1733225950.175871,1733226825.086319,2024-12-03T11:39:10.175871,2024-12-03T11:53:45.086319,14.58,13.58,13.58,31,15,15.0,13.58,ID Sharing Inquiry,CSN9,15,03122024,1138,9,CSN9,CSN9,ID Sharing Inquiry
03122024_1139_7,True,1,1,1733225983.432129,1733227078.675911,2024-12-03T11:39:43.432129,2024-12-03T11:57:58.675911,18.25,15.47,15.47,30,15,15.0,15.47,ID clarification request,CSN7,15,03122024,1139,7,CSN7,CSN7,ID clarification request
03122024_1140_19,True,1,1,1733226019.340545,1733226718.404252,2024-12-03T11:40:19.340545,2024-12-03T11:51:58.404252,11.65,10.65,10.65,20,10,10.0,10.65,ID Assistance Request,CSN19,10,03122024,1140,19,CSN19,CSN19,ID Assistance Request
03122024_1143_12,True,1,1,1733226210.58114,1733227028.80986,2024-12-03T11:43:30.581140,2024-12-03T11:57:08.809860,13.64,12.15,12.15,17,8,8.0,12.15,ID Assistance,CSN9,8,03122024,1143,12,CSN9,CSN9,ID Assistance
03122024_1145_20,True,1,1,1733234212.683819,1733235472.794544,2024-12-03T13:56:52.683819,2024-12-03T14:17:52.794544,21.0,20.3,20.3,63,31,31.0,20.3,ID Request Assistance,CSN20,31,03122024,1145,20,CSN20,CSN20,ID Request Assistance
03122024_1230_11,True,1,1,1733230366.9161,1733231079.379331,2024-12-03T12:52:46.916100,2024-12-03T13:04:39.379331,11.87,9.93,9.93,7,3,3.0,9.93,ID Request Assistance,CSN11,3,03122024,1230,11,CSN11,CSN11,ID Request Assistance
03122024_1230_12,True,1,1,1733230790.114903,1733231764.85376,2024-12-03T12:59:50.114903,2024-12-03T13:16:04.853760,16.25,9.87,9.87,7,3,3.0,9.87,ID Query Assistance,CSN9,3,03122024,1230,12,CSN9,CSN9,ID Query Assistance
03122024_1230_14,True,1,1,1733230766.502587,1733243906.378137,2024-12-03T12:59:26.502587,2024-12-03T16:38:26.378137,219.0,4.7,4.7,11,5,5.0,4.7,Timestamp Interpretation Request,CSN14,5,03122024,1230,14,CSN14,CSN14,Timestamp Interpretation Request
03122024_1230_15,True,1,1,1733230636.631286,1733231670.735387,2024-12-03T12:57:16.631286,2024-12-03T13:14:30.735387,17.24,16.24,16.24,42,19,19.0,16.24,ID update request,CSN15,19,03122024,1230,15,CSN15,CSN15,ID update request
03122024_1230_16,True,1,1,1733230706.977008,1733231671.705557,2024-12-03T12:58:26.977008,2024-12-03T13:14:31.705557,16.08,13.43,13.43,23,11,11.0,13.43,ID Request Acknowledged,CSN16,11,03122024,1230,16,CSN16,CSN16,ID Request Acknowledged
03122024_1230_17,True,1,1,1733230801.031833,1733231658.022677,2024-12-03T13:00:01.031833,2024-12-03T13:14:18.022677,14.28,12.07,12.07,10,3,3.0,12.07,ID Confirmation Assistance,CSN17,3,03122024,1230,17,CSN17,CSN17,ID Confirmation Assistance
03122024_1230_2,True,1,1,1733230032.774108,1733231798.864669,2024-12-03T12:47:12.774108,2024-12-03T13:16:38.864669,29.43,14.69,14.69,71,33,33.0,14.69,Verbo amo en Esperanto,CSN2,33,03122024,1230,2,CSN2,CSN2,Verbo amo en Esperanto
03122024_1230_20,True,1,1,1733230934.56496,1733246910.145618,2024-12-03T13:02:14.564960,2024-12-03T17:28:30.145618,266.26,12.08,12.08,11,5,5.0,12.08,Nottingham Weather Update,CSN20,5,03122024,1230,20,CSN20,CSN20,Nottingham Weather Update
03122024_1230_3,True,1,1,1733230754.641062,1733245282.276452,2024-12-03T12:59:14.641062,2024-12-03T17:01:22.276452,242.13,15.1,15.1,36,16,16.0,15.1,ID Request Assistance,CSN3,16,03122024,1230,3,CSN3,CSN3,ID Request Assistance
03122024_1230_8,True,1,1,1733230914.227436,1733231759.42051,2024-12-03T13:01:54.227436,2024-12-03T13:15:59.420510,14.09,10.42,10.42,10,4,4.0,10.42,Nottingham Weather Forecast,CSN8,4,03122024,1230,8,CSN8,CSN8,Nottingham Weather Forecast
03122024_1230_9,True,1,1,1733231460.366289,1733246910.337968,2024-12-03T13:11:00.366289,2024-12-03T17:28:30.337968,257.5,2.15,2.15,7,3,3.0,2.15,March 12 2024 Events,CSN9,3,03122024,1230,9,CSN9,CSN9,March 12 2024 Events
03122024_1300_4,True,1,1,1733230794.707367,1733231791.823471,2024-12-03T12:59:54.707367,2024-12-03T13:16:31.823471,16.62,15.76,15.76,34,15,15.0,15.76,ID Sharing and Assistance,CSN4,15,03122024,1300,4,CSN4,CSN4,ID Sharing and Assistance
03122024_1302_18,True,1,1,1733230973.005296,1733231702.919128,2024-12-03T13:02:53.005296,2024-12-03T13:15:02.919128,12.17,10.59,10.59,17,8,8.0,10.59,ID Provided Assistance,CSN18,8,03122024,1302,18,CSN18,CSN18,ID Provided Assistance
03122024_1305_22,True,1,1,1733231093.182802,1733231739.783597,2024-12-03T13:04:53.182802,2024-12-03T13:15:39.783597,10.78,9.59,9.59,15,7,7.0,9.59,ID Sharing Assistance,CSN22,7,03122024,1305,22,CSN22,CSN22,ID Sharing Assistance
03122024_1345_07,True,1,1,1733235082.026221,1733235983.029543,2024-12-03T14:11:22.026221,2024-12-03T14:26:23.029543,15.02,13.01,13.01,16,8,8.0,13.01,ID clarification request,CSN7,8,03122024,1345,07,CSN7,CSN7,ID clarification request
03122024_1345_11,True,1,1,1733235062.438809,1733235868.754797,2024-12-03T14:11:02.438809,2024-12-03T14:24:28.754797,13.44,11.83,11.83,21,10,10.0,11.83,ID Reference Request,CSN11,10,03122024,1345,11,CSN11,CSN11,ID Reference Request
03122024_1345_12,True,1,1,1733235013.655543,1733235646.166414,2024-12-03T14:10:13.655543,2024-12-03T14:20:46.166414,10.54,9.36,9.36,23,11,11.0,9.36,ID Verification Request,CSN9,11,03122024,1345,12,CSN9,CSN9,ID Verification Request
03122024_1345_13,True,1,1,1733235291.692467,1733235963.519034,2024-12-03T14:14:51.692467,2024-12-03T14:26:03.519034,11.2,7.98,7.98,23,9,9.0,7.98,ID Confirmation Assistance,CSN13,9,03122024,1345,13,CSN13,CSN13,ID Confirmation Assistance
03122024_1345_16,True,1,1,1733234459.048776,1733235298.63595,2024-12-03T14:00:59.048776,2024-12-03T14:14:58.635950,13.99,12.69,12.69,37,18,18.0,12.69,ID Confirmation and Response,CSN16,18,03122024,1345,16,CSN16,CSN16,ID Confirmation and Response
03122024_1345_17,True,1,1,1733234765.849245,1733235776.55845,2024-12-03T14:06:05.849245,2024-12-03T14:22:56.558450,16.85,16.12,16.12,21,9,9.0,16.12,ID Confirmation and Assistance,CSN17,9,03122024,1345,17,CSN17,CSN17,ID Confirmation and Assistance
03122024_1345_19,True,1,1,1733235062.744232,1733235941.743595,2024-12-03T14:11:02.744232,2024-12-03T14:25:41.743595,14.65,12.69,12.69,54,27,27.0,12.69,ID Request Summary,CSN19,27,03122024,1345,19,CSN19,CSN19,ID Request Summary
03122024_1345_4,True,1,1,1733235228.319749,1733235914.987829,2024-12-03T14:13:48.319749,2024-12-03T14:25:14.987829,11.44,9.89,9.89,13,6,6.0,9.89,ID Confirmation,CSN4,6,03122024,1345,4,CSN4,CSN4,ID Confirmation
03122024_1406_21,True,1,1,1733235118.566234,1733287228.849064,2024-12-03T14:11:58.566234,2024-12-04T04:40:28.849064,868.5,10.98,10.98,25,12,12.0,10.98,ID Assistance Request,CSN21,12,03122024,1406,21,CSN21,CSN21,ID Assistance Request
03122024_1500_10,True,1,1,1733239740.472369,1733240549.625256,2024-12-03T15:29:00.472369,2024-12-03T15:42:29.625256,13.49,12.46,12.46,32,14,14.0,12.46,ID Confirmation and Response,CSN10,14,03122024,1500,10,CSN10,CSN10,ID Confirmation and Response
03122024_1500_11,True,1,1,1733234767.387379,1733235747.992712,2024-12-03T14:06:07.387379,2024-12-03T14:22:27.992712,16.34,15.04,15.04,55,24,24.0,15.04,ID Update Confirmation,CSN2,24,03122024,1500,11,CSN2,CSN2,ID Update Confirmation
03122024_1500_12,True,1,0,1733239434.64155,1733240024.418024,2024-12-03T15:23:54.641550,2024-12-03T15:33:44.418024,9.83,0.03,0.03,3,1,1.0,0,,,0,03122024,1500,12,CSN9,CSN9,ID Assistance
03122024_1500_13,True,1,1,1733239261.964033,1733240172.131993,2024-12-03T15:21:01.964033,2024-12-03T15:36:12.131993,15.17,12.08,12.08,32,8,8.0,12.08,ID Confirmation,CSN13,8,03122024,1500,13,CSN13,CSN13,ID Confirmation
03122024_1500_15,True,1,1,1733239646.113265,1733240433.72809,2024-12-03T15:27:26.113265,2024-12-03T15:40:33.728090,13.13,11.11,11.11,29,11,11.0,11.11,ID Confirmation,CSN15,11,03122024,1500,15,CSN15,CSN15,ID Confirmation
03122024_1500_20,True,1,1,1733239492.587566,1733240292.939684,2024-12-03T15:24:52.587566,2024-12-03T15:38:12.939684,13.34,9.05,9.05,14,6,6.0,9.05,ID Confirmation Request,CSN20,6,03122024,1500,20,CSN20,CSN20,ID Confirmation Request
03122024_1500_21,True,1,1,1733239311.637941,1733246910.143612,2024-12-03T15:21:51.637941,2024-12-03T17:28:30.143612,126.64,10.57,10.57,24,11,11.0,10.57,ID Help,CSN21,11,03122024,1500,21,CSN21,CSN21,ID Help
03122024_1500_6,True,1,1,1733239366.993633,1733240401.450804,2024-12-03T15:22:46.993633,2024-12-03T15:40:01.450804,17.24,13.9,13.9,26,11,11.0,13.9,ID Confirmation and Assistance,CSN6,11,03122024,1500,6,CSN6,CSN6,ID Confirmation and Assistance
03122024_1521_3,True,1,1,1733239358.581566,1733240436.57393,2024-12-03T15:22:38.581566,2024-12-03T15:40:36.573930,17.97,13.89,13.89,22,9,9.0,13.89,ID Confirmation Assistance,CSN3,9,03122024,1521,3,CSN3,CSN3,ID Confirmation Assistance
03122024_1529_09,True,1,1,1733239766.866666,1733240175.744953,2024-12-03T15:29:26.866666,2024-12-03T15:36:15.744953,6.81,5.88,5.88,11,5,5.0,5.88,ID Assistance Request,CSN9,5,03122024,1529,09,CSN9,CSN9,ID Assistance Request
03122024_1615_17,True,1,0,1733245001.543515,1733246910.15257,2024-12-03T16:56:41.543515,2024-12-03T17:28:30.152570,31.81,4.02,4.02,5,1,1.0,0,,,0,03122024,1615,17,CSN17,CSN17,ID Confirmation Request
03122024_1615_18,True,1,1,1733243907.532412,1733245092.670917,2024-12-03T16:38:27.532412,2024-12-03T16:58:12.670917,19.75,18.65,18.65,22,9,9.0,18.65,ID Verification Assistance,CSN18,9,03122024,1615,18,CSN18,CSN18,ID Verification Assistance
03122024_1615_20,True,1,1,1733243615.997194,1733244542.095378,2024-12-03T16:33:35.997194,2024-12-03T16:49:02.095378,15.43,14.44,14.44,43,21,21.0,14.44,ID Inquiry Response,CSN20,21,03122024,1615,20,CSN20,CSN20,ID Inquiry Response
03122024_1615_22,True,1,1,1733417080.501172,1733512640.880426,2024-12-05T16:44:40.501172,2024-12-06T19:17:20.880426,1592.67,15.62,15.62,37,18,18.0,15.62,ID Assistance,CSN22,18,03122024,1615,22,CSN22,CSN22,ID Assistance
03122024_1615_6,True,1,1,1733244017.067909,1733244775.681513,2024-12-03T16:40:17.067909,2024-12-03T16:52:55.681513,12.64,11.41,11.41,22,9,9.0,11.41,ID Update Confirmation,CSN6,9,03122024,1615,6,CSN6,CSN6,ID Update Confirmation
03122024_1631_5,True,1,1,1733243483.447324,1733244440.606246,2024-12-03T16:31:23.447324,2024-12-03T16:47:20.606246,15.95,15.69,15.69,58,28,28.0,15.69,ID Request and Response,CSN5,28,03122024,1631,5,CSN5,CSN5,ID Request and Response
03122024_1642_13,True,1,1,1733244103.032931,1733246910.17693,2024-12-03T16:41:43.032931,2024-12-03T17:28:30.176930,46.79,13.59,13.59,59,29,29.0,13.59,Nottingham Events December 2024,CSN13,29,03122024,1642,13,CSN13,CSN13,Nottingham Events December 2024
03122024_1642_7,True,1,0,1733244171.995296,1733245186.813933,2024-12-03T16:42:51.995296,2024-12-03T16:59:46.813933,16.91,7.59,7.59,4,2,2.0,0,,,0,03122024,1642,7,CSN7,CSN7,ID clarification request
03122024_1644_11,True,1,1,1733244199.864798,1733244715.178214,2024-12-03T16:43:19.864798,2024-12-03T16:51:55.178214,8.59,7.89,7.89,13,6,6.0,7.89,ID Sharing Clarification,CSN11,6,03122024,1644,11,CSN11,CSN11,ID Sharing Clarification
03122024_1646_3,True,1,1,1733244426.074824,1733245214.590966,2024-12-03T16:47:06.074824,2024-12-03T17:00:14.590966,13.14,11.24,11.24,34,15,15.0,11.24,ID Update Confirmation,CSN2,15,03122024,1646,3,CSN2,CSN2,ID Update Confirmation
03122024_1648_3,True,1,1,1733244509.37782,1733245215.797988,2024-12-03T16:48:29.377820,2024-12-03T17:00:15.797988,11.77,9.99,9.99,50,23,23.0,9.99,ID Confirmation Assistance,CSN3,23,03122024,1648,3,CSN3,CSN3,ID Confirmation Assistance
03122024_1730_10,True,1,1,1733249140.061422,1733249755.352443,2024-12-03T18:05:40.061422,2024-12-03T18:15:55.352443,10.25,8.71,8.71,16,6,6.0,8.71,ID Confirmation Assistance,CSN10,6,03122024,1730,10,CSN10,CSN10,ID Confirmation Assistance
03122024_1730_12,True,1,1,1733248394.467209,1733249090.29969,2024-12-03T17:53:14.467209,2024-12-03T18:04:50.299690,11.6,10.03,10.03,15,7,7.0,10.03,ID Confirmation and Assistance,CSN9,7,03122024,1730,12,CSN9,CSN9,ID Confirmation and Assistance
03122024_1730_16,True,1,1,1733249055.370303,1733249772.151741,2024-12-03T18:04:15.370303,2024-12-03T18:16:12.151741,11.95,10.81,10.81,29,14,14.0,10.81,ID Assistance,CSN16,14,03122024,1730,16,CSN16,CSN16,ID Assistance
03122024_1730_17,True,1,1,1733248201.267747,1733249078.469842,2024-12-03T17:50:01.267747,2024-12-03T18:04:38.469842,14.62,3.38,3.38,12,4,4.0,3.38,ID Confirmation and Assistance,CSN17,4,03122024,1730,17,CSN17,CSN17,ID Confirmation and Assistance
03122024_1730_20,True,1,0,1733248606.231972,1733249060.877038,2024-12-03T17:56:46.231972,2024-12-03T18:04:20.877038,7.58,0.1,0.1,3,1,1.0,0,,,0,03122024,1730,20,CSN20,CSN20,ID Assistance Request
03122024_1730_21,True,1,1,1733248373.39783,1733249164.737002,2024-12-03T17:52:53.397830,2024-12-03T18:06:04.737002,13.19,12.13,12.13,20,8,8.0,12.13,ID Noted Assistance,CSN21,8,03122024,1730,21,CSN21,CSN21,ID Noted Assistance
03122024_1730_3,True,1,1,1733247906.974303,1733249226.800452,2024-12-03T17:45:06.974303,2024-12-03T18:07:06.800452,22.0,19.41,19.41,42,19,19.0,19.41,ID Confirmation Assistance,CSN3,19,03122024,1730,3,CSN3,CSN3,ID Confirmation Assistance
03122024_1730_4,True,1,1,1733247787.834772,1733249821.033417,2024-12-03T17:43:07.834772,2024-12-03T18:17:01.033417,33.89,31.3,31.3,33,14,14.0,31.3,Esperanto Language Facts,CSN4,14,03122024,1730,4,CSN4,CSN4,Esperanto Language Facts
03122024_1750_18,True,1,1,1733247768.550002,1733249748.058426,2024-12-03T17:42:48.550002,2024-12-03T18:15:48.058426,32.99,32.8,32.8,71,33,33.0,32.8,Help with Summarizing,CSN18,33,03122024,1750,18,CSN18,CSN18,Help with Summarizing
03122024_1804_14,True,1,1,1733249079.275044,1733249715.878615,2024-12-03T18:04:39.275044,2024-12-03T18:15:15.878615,10.61,8.71,8.71,21,7,7.0,8.71,ID request summary,CSN14,7,03122024,1804,14,CSN14,CSN14,ID request summary
04122004_1030_5,True,1,1,1733308282.743938,1733335268.023817,2024-12-04T10:31:22.743938,2024-12-04T18:01:08.023817,449.75,11.31,11.31,21,10,10.0,11.31,ID Assistance,CSN5,10,04122004,1030,5,CSN5,CSN5,ID Assistance
04122014_0315_10,True,1,1,1733330283.750545,1733351299.254732,2024-12-04T16:38:03.750545,2024-12-04T22:28:19.254732,350.26,16.44,16.44,33,15,15.0,16.44,ID Confirmation Assistance,CSN10,15,04122014,0315,10,CSN10,CSN10,ID Confirmation Assistance
04122024_1000_12,True,1,1,1733308238.687518,1733309107.105344,2024-12-04T10:30:38.687518,2024-12-04T10:45:07.105344,14.47,12.78,12.78,39,19,19.0,12.78,ID Assistance Request,CSN9,19,04122024,1000,12,CSN9,CSN9,ID Assistance Request
04122024_1000_14,True,1,1,1733308367.273177,1733309359.673607,2024-12-04T10:32:47.273177,2024-12-04T10:49:19.673607,16.54,9.64,9.64,18,7,7.0,9.64,ID Confirmation Assistance,CSN14,7,04122024,1000,14,CSN14,CSN14,ID Confirmation Assistance
04122024_1000_16,True,1,1,1733307309.487792,1733309082.893375,2024-12-04T10:15:09.487792,2024-12-04T10:44:42.893375,29.56,28.01,28.01,49,24,24.0,28.01,La birdo flugas traduko,CSN16,24,04122024,1000,16,CSN16,CSN16,La birdo flugas traduko
04122024_1000_18,True,1,1,1733308330.857893,1733353158.077902,2024-12-04T10:32:10.857893,2024-12-04T22:59:18.077902,747.12,11.74,11.74,33,11,11.0,11.74,ID Assistance Request,CSN18,11,04122024,1000,18,CSN18,CSN18,ID Assistance Request
04122024_1000_20,True,2,0,1733307865.145081,1733353532.220544,2024-12-04T10:24:25.145081,2024-12-04T23:05:32.220544,761.12,0.03,0.02,6,2,1.0,0,,,0,04122024,1000,20,CSN20,CSN20,ID Number Provided | ID Request
04122024_1000_6,True,1,1,1733307698.562586,1733308883.426481,2024-12-04T10:21:38.562586,2024-12-04T10:41:23.426481,19.75,16.96,16.96,21,7,7.0,16.96,ID Confirmation Assistance,CSN6,7,04122024,1000,6,CSN6,CSN6,ID Confirmation Assistance
04122024_1000_8,True,1,1,1733308061.372331,1733308972.625131,2024-12-04T10:27:41.372331,2024-12-04T10:42:52.625131,15.19,12.36,12.36,25,12,12.0,12.36,ID Assistance,CSN8,12,04122024,1000,8,CSN8,CSN8,ID Assistance
04122024_1023_17,True,1,1,1733307824.423347,1733308537.137325,2024-12-04T10:23:44.423347,2024-12-04T10:35:37.137325,11.88,9.87,9.87,20,8,8.0,9.87,ID Sharing Assistance,CSN17,8,04122024,1023,17,CSN17,CSN17,ID Sharing Assistance
04122024_1025_10,True,1,1,1733394362.581682,1733395219.82813,2024-12-05T10:26:02.581682,2024-12-05T10:40:19.828130,14.29,11.85,11.85,34,15,15.0,11.85,ID Confirmation and Assistance,CSN10,15,04122024,1025,10,CSN10,CSN10,ID Confirmation and Assistance
04122024_1025_22,True,1,1,1733307926.027857,1733309160.339041,2024-12-04T10:25:26.027857,2024-12-04T10:46:00.339041,20.57,20.05,20.05,43,21,21.0,20.05,ID Assistance Request,CSN22,21,04122024,1025,22,CSN22,CSN22,ID Assistance Request
04122024_1115_03,True,1,1,1733312365.659011,1733313173.120958,2024-12-04T11:39:25.659011,2024-12-04T11:52:53.120958,13.46,11.49,11.49,53,23,23.0,11.49,ID Assistance,CSN3,23,04122024,1115,03,CSN3,CSN3,ID Assistance
04122024_1115_09,True,1,1,1733312340.826621,1733313534.857379,2024-12-04T11:39:00.826621,2024-12-04T11:58:54.857379,19.9,18.92,18.92,43,21,21.0,18.92,ID Verification Request,CSN9,21,04122024,1115,09,CSN9,CSN9,ID Verification Request
04122024_1115_15,True,1,1,1733312803.96392,1733313910.834349,2024-12-04T11:46:43.963920,2024-12-04T12:05:10.834349,18.45,15.32,15.32,28,12,12.0,15.32,ID Confirmation Request,CSN15,12,04122024,1115,15,CSN15,CSN15,ID Confirmation Request
04122024_1115_4,True,1,1,1733312465.015899,1733313728.313034,2024-12-04T11:41:05.015899,2024-12-04T12:02:08.313034,21.05,19.19,19.19,51,25,25.0,19.19,ID Request Acknowledged,CSN4,25,04122024,1115,4,CSN4,CSN4,ID Request Acknowledged
04122024_1145_18,True,1,1,1733312767.013256,1733313587.185998,2024-12-04T11:46:07.013256,2024-12-04T11:59:47.185998,13.67,12.19,12.19,36,16,16.0,12.19,ID Update Confirmation,CSN18,16,04122024,1145,18,CSN18,CSN18,ID Update Confirmation
04122024_1145_19,True,1,1,1733312733.786168,1733313470.751699,2024-12-04T11:45:33.786168,2024-12-04T11:57:50.751699,12.28,6.21,6.21,10,5,5.0,6.21,ID Request and Assistance,CSN19,5,04122024,1145,19,CSN19,CSN19,ID Request and Assistance
04122024_1146_11,True,1,1,1733312766.774999,1733313798.428612,2024-12-04T11:46:06.774999,2024-12-04T12:03:18.428612,17.19,15.95,15.95,54,26,26.0,15.95,ID Summary Request,CSN11,26,04122024,1146,11,CSN11,CSN11,ID Summary Request
04122024_1151_5,True,1,0,1733313084.265536,1733313765.481844,2024-12-04T11:51:24.265536,2024-12-04T12:02:45.481844,11.35,0.03,0.03,3,1,1.0,0,,,0,04122024,1151,5,CSN5,CSN5,ID Request Acknowledgment
04122024_1154_16,True,1,1,1733313286.739785,1733313857.39637,2024-12-04T11:54:46.739785,2024-12-04T12:04:17.396370,9.51,5.88,5.88,7,3,3.0,5.88,ID Request and Assistance,CSN16,3,04122024,1154,16,CSN16,CSN16,ID Request and Assistance
04122024_1230_04,True,1,1,1733316758.974245,1733317806.231159,2024-12-04T12:52:38.974245,2024-12-04T13:10:06.231159,17.45,14.78,14.78,21,9,9.0,14.78,ID Request Summary,CSN4,9,04122024,1230,04,CSN4,CSN4,ID Request Summary
04122024_1230_13,True,1,1,1733316785.565406,1733317721.859505,2024-12-04T12:53:05.565406,2024-12-04T13:08:41.859505,15.6,10.21,10.21,12,4,4.0,10.21,ID Confirmation,CSN13,4,04122024,1230,13,CSN13,CSN13,ID Confirmation
04122024_1230_15,True,2,2,1733316899.986021,1733317781.378103,2024-12-04T12:54:59.986021,2024-12-04T13:09:41.378103,14.69,4.14,2.07,10,4,2.0,3.41,Timestamp format explanation,CSN15,2,04122024,1230,15,CSN15,CSN15,Timestamp format explanation | Timestamp Interpretation Inquiry
04122024_1230_17,True,1,1,1733316784.195332,1733317927.352019,2024-12-04T12:53:04.195332,2024-12-04T13:12:07.352019,19.05,17.24,17.24,44,20,20.0,17.24,ID Confirmation Assistance,CSN17,20,04122024,1230,17,CSN17,CSN17,ID Confirmation Assistance
04122024_1230_20,True,1,1,1733316922.478891,1733317896.600394,2024-12-04T12:55:22.478891,2024-12-04T13:11:36.600394,16.24,12.62,12.62,15,7,7.0,12.62,ID Request Assistance,CSN20,7,04122024,1230,20,CSN20,CSN20,ID Request Assistance
04122024_1230_9,True,1,1,1733316882.38146,1733317787.569892,2024-12-04T12:54:42.381460,2024-12-04T13:09:47.569892,15.09,14.65,14.65,31,15,15.0,14.65,ID clarification request,CSN9,15,04122024,1230,9,CSN9,CSN9,ID clarification request
04122024_1249_14,True,1,1,1733316574.134695,1733317567.041958,2024-12-04T12:49:34.134695,2024-12-04T13:06:07.041958,16.55,15.51,15.51,10,3,3.0,15.51,ID Confirmation Assistance,CSN14,3,04122024,1249,14,CSN14,CSN14,ID Confirmation Assistance
04122024_1252_22,True,1,1,1733316766.63028,1733317629.23329,2024-12-04T12:52:46.630280,2024-12-04T13:07:09.233290,14.38,13.36,13.36,26,10,10.0,13.36,ID Assistance,CSN22,10,04122024,1252,22,CSN22,CSN22,ID Assistance
04122024_1253_11,True,1,1,1733316849.829276,1733317664.736106,2024-12-04T12:54:09.829276,2024-12-04T13:07:44.736106,13.58,12.97,12.97,27,13,13.0,12.97,ID Assistance,CSN11,13,04122024,1253,11,CSN11,CSN11,ID Assistance
04122024_1253_21,True,1,1,1733316849.091043,1733317921.056443,2024-12-04T12:54:09.091043,2024-12-04T13:12:01.056443,17.87,15.88,15.88,33,16,16.0,15.88,ID Assistance,CSN21,16,04122024,1253,21,CSN21,CSN21,ID Assistance
04122024_1256_16,True,1,1,1733317003.671653,1733317943.798577,2024-12-04T12:56:43.671653,2024-12-04T13:12:23.798577,15.67,13.41,13.41,47,23,23.0,13.41,ID Information Request,CSN16,23,04122024,1256,16,CSN16,CSN16,ID Information Request
04122024_1300_01,True,1,1,1733316996.30958,1733318116.06827,2024-12-04T12:56:36.309580,2024-12-04T13:15:16.068270,18.66,15.35,15.35,25,12,12.0,15.35,ID Assistance Request,CSN1,12,04122024,1300,01,CSN1,CSN1,ID Assistance Request
04122024_1300_3,True,1,0,1733316927.060675,1733317896.953622,2024-12-04T12:55:27.060675,2024-12-04T13:11:36.953622,16.16,0.1,0.1,5,1,1.0,0,,,0,04122024,1300,3,CSN3,CSN3,ID Update Confirmation
04122024_1308_8,True,1,1,1733317719.436403,1733318093.77449,2024-12-04T13:08:39.436403,2024-12-04T13:14:53.774490,6.24,1.55,1.55,5,2,2.0,1.55,ID Assistance Request,CSN8,2,04122024,1308,8,CSN8,CSN8,ID Assistance Request
04122024_1345_03,True,1,1,1733320668.875838,1733321814.784659,2024-12-04T13:57:48.875838,2024-12-04T14:16:54.784659,19.1,17.97,17.97,79,37,37.0,17.97,ID Confirmation and Assistance,CSN3,37,04122024,1345,03,CSN3,CSN3,ID Confirmation and Assistance
04122024_1345_06,True,1,1,1733321733.083949,1733322499.398634,2024-12-04T14:15:33.083949,2024-12-04T14:28:19.398634,12.77,11.24,11.24,24,10,10.0,11.24,ID Confirmation,CSN6,10,04122024,1345,06,CSN6,CSN6,ID Confirmation
04122024_1345_1,True,1,1,1733321719.192413,1733322460.824954,2024-12-04T14:15:19.192413,2024-12-04T14:27:40.824954,12.36,9.87,9.87,17,8,8.0,9.87,ID Confirmation Request,CSN1,8,04122024,1345,1,CSN1,CSN1,ID Confirmation Request
04122024_1345_10,True,1,1,1733321030.74499,1733321844.98041,2024-12-04T14:03:50.744990,2024-12-04T14:17:24.980410,13.57,12.86,12.86,44,20,20.0,12.86,ID Confirmation,CSN10,20,04122024,1345,10,CSN10,CSN10,ID Confirmation
04122024_1345_13,True,1,1,1733320845.576764,1733321882.65096,2024-12-04T14:00:45.576764,2024-12-04T14:18:02.650960,17.28,14.67,14.67,58,27,27.0,14.67,ID Confirmation Assistance,CSN13,27,04122024,1345,13,CSN13,CSN13,ID Confirmation Assistance
04122024_1345_17,True,2,1,1733321797.659798,1733331177.858449,2024-12-04T14:16:37.659798,2024-12-04T16:52:57.858449,156.34,9.14,4.57,16,6,3.0,9.09,ID Format Explanation,CSN17,5,04122024,1345,17,CSN17,CSN17,ID Request Response | ID Format Explanation
04122024_1345_7,True,1,1,1733321005.155083,1733321777.43964,2024-12-04T14:03:25.155083,2024-12-04T14:16:17.439640,12.87,12.19,12.19,16,8,8.0,12.19,ID Clarification Request,CSN7,8,04122024,1345,7,CSN7,CSN7,ID Clarification Request
04122024_1400_12,True,1,0,1733321298.221601,1733321888.678507,2024-12-04T14:08:18.221601,2024-12-04T14:18:08.678507,9.84,0.02,0.02,3,1,1.0,0,,,0,04122024,1400,12,CSN9,CSN9,ID Assistance Request
04122024_1404_16,True,1,1,1733321073.943856,1733322155.922572,2024-12-04T14:04:33.943856,2024-12-04T14:22:35.922572,18.03,16.3,16.3,37,18,18.0,16.3,ID Request Acknowledgment,CSN16,18,04122024,1404,16,CSN16,CSN16,ID Request Acknowledgment
04122024_1415_21,True,1,1,1733320721.716878,1733322361.328316,2024-12-04T13:58:41.716878,2024-12-04T14:26:01.328316,27.33,17.3,17.3,7,3,3.0,17.3,How to Screenshot on PC,CSN21,3,04122024,1415,21,CSN21,CSN21,How to Screenshot on PC
04122024_1500_03,True,1,1,1733326183.040496,1733326992.520957,2024-12-04T15:29:43.040496,2024-12-04T15:43:12.520957,13.49,8.76,8.76,16,6,6.0,8.76,ID Update Confirmation,CSN3,6,04122024,1500,03,CSN3,CSN3,ID Update Confirmation
04122024_1500_08,True,1,1,1733325394.693218,1733326625.213388,2024-12-04T15:16:34.693218,2024-12-04T15:37:05.213388,20.51,20.03,20.03,38,18,18.0,20.03,ID Reference Request,CSN8,18,04122024,1500,08,CSN8,CSN8,ID Reference Request
04122024_1500_1,True,1,1,1733325778.142805,1733326623.84745,2024-12-04T15:22:58.142805,2024-12-04T15:37:03.847450,14.1,13.2,13.2,17,8,8.0,13.2,ID Request Acknowledgment,CSN1,8,04122024,1500,1,CSN1,CSN1,ID Request Acknowledgment
04122024_1500_11,True,2,2,1733325489.011485,1733326619.605617,2024-12-04T15:18:09.011485,2024-12-04T15:36:59.605617,18.84,24.4,12.2,37,16,8.0,18.94,ID Submission Confirmation,CSN11,14,04122024,1500,11,"CSN10,CSN11",CSN10,ID Submission Confirmation | ID Confirmation Assistance
04122024_1500_14,True,1,0,1733325448.196442,1733326578.548264,2024-12-04T15:17:28.196442,2024-12-04T15:36:18.548264,18.84,0.12,0.12,5,1,1.0,0,,,0,04122024,1500,14,CSN14,CSN14,ID Sharing Request
04122024_1500_15,True,1,0,1733326095.310551,1733326854.226066,2024-12-04T15:28:15.310551,2024-12-04T15:40:54.226066,12.65,0.11,0.11,5,1,1.0,0,,,0,04122024,1500,15,CSN15,CSN15,ID Request Assistance
04122024_1500_2,True,1,1,1733325606.138109,1733326780.52133,2024-12-04T15:20:06.138109,2024-12-04T15:39:40.521330,19.57,19.06,19.06,30,13,13.0,19.06,ID Verification Request,CSN2,13,04122024,1500,2,CSN2,CSN2,ID Verification Request
04122024_1500_22,True,1,1,1733325547.514086,1733326767.750271,2024-12-04T15:19:07.514086,2024-12-04T15:39:27.750271,20.34,18.95,18.95,55,27,27.0,18.95,ID Sharing and Assistance,CSN22,27,04122024,1500,22,CSN22,CSN22,ID Sharing and Assistance
04122024_1520_18,True,1,1,1733325586.943207,1733326753.095963,2024-12-04T15:19:46.943207,2024-12-04T15:39:13.095963,19.44,13.95,13.95,34,15,15.0,13.95,ID Confirmation and Assistance,CSN18,15,04122024,1520,18,CSN18,CSN18,ID Confirmation and Assistance
04122024_1524_5,True,1,1,1733325901.074643,1733327091.749282,2024-12-04T15:25:01.074643,2024-12-04T15:44:51.749282,19.84,14.83,14.83,74,32,32.0,14.83,ID Inquiry Response,CSN5,32,04122024,1524,5,CSN5,CSN5,ID Inquiry Response
04122024_1526_12,True,1,1,1733326034.172716,1733326848.26162,2024-12-04T15:27:14.172716,2024-12-04T15:40:48.261620,13.57,12.43,12.43,23,11,11.0,12.43,ID Noted Assistance,CSN9,11,04122024,1526,12,CSN9,CSN9,ID Noted Assistance
04122024_1527_17,True,1,1,1733326054.702777,1733326796.357173,2024-12-04T15:27:34.702777,2024-12-04T15:39:56.357173,12.36,8.67,8.67,26,11,11.0,8.67,ID Mismatch Clarification,CSN17,11,04122024,1527,17,CSN17,CSN17,ID Mismatch Clarification
04122024_1536_19,True,1,1,1733326588.985144,1733326994.779637,2024-12-04T15:36:28.985144,2024-12-04T15:43:14.779637,6.76,3.37,3.37,8,4,4.0,3.37,ID Sharing Assistance,CSN19,4,04122024,1536,19,CSN19,CSN19,ID Sharing Assistance
04122024_1612_14,True,1,1,1733321561.039603,1733322134.6605,2024-12-04T14:12:41.039603,2024-12-04T14:22:14.660500,9.56,8.87,8.87,26,11,11.0,8.87,ID Sharing Assistance,CSN14,11,04122024,1612,14,CSN14,CSN14,ID Sharing Assistance
04122024_1615_08,True,1,1,1733330686.844868,1733331369.590355,2024-12-04T16:44:46.844868,2024-12-04T16:56:09.590355,11.38,1.76,1.76,8,2,2.0,1.76,ID provided assistance,CSN8,2,04122024,1615,08,CSN8,CSN8,ID provided assistance
04122024_1615_11,True,1,1,1733330195.650658,1733331280.986643,2024-12-04T16:36:35.650658,2024-12-04T16:54:40.986643,18.09,15.6,15.6,20,9,9.0,15.6,ID Confirmation Request,CSN11,9,04122024,1615,11,CSN11,CSN11,ID Confirmation Request
04122024_1615_14,True,1,1,1733329982.574333,1733330879.763958,2024-12-04T16:33:02.574333,2024-12-04T16:47:59.763958,14.95,12.72,12.72,26,11,11.0,12.72,ID Confirmation Assistance,CSN14,11,04122024,1615,14,CSN14,CSN14,ID Confirmation Assistance
04122024_1615_15,True,1,1,1733330850.922424,1733331191.581149,2024-12-04T16:47:30.922424,2024-12-04T16:53:11.581149,5.68,4.19,4.19,14,5,5.0,4.19,ID Sharing and Assistance,CSN15,5,04122024,1615,15,CSN15,CSN15,ID Sharing and Assistance
04122024_1615_16,True,1,1,1733330068.983863,1733331204.530835,2024-12-04T16:34:28.983863,2024-12-04T16:53:24.530835,18.93,17.77,17.77,39,19,19.0,17.77,ID Assistance Request,CSN16,19,04122024,1615,16,CSN16,CSN16,ID Assistance Request
04122024_1615_18,True,1,1,1733330121.556614,1733331173.603683,2024-12-04T16:35:21.556614,2024-12-04T16:52:53.603683,17.53,16.57,16.57,30,13,13.0,16.57,ID Confirmation Request,CSN18,13,04122024,1615,18,CSN18,CSN18,ID Confirmation Request
04122024_1615_2,True,1,1,1733330773.468386,1733349223.888321,2024-12-04T16:46:13.468386,2024-12-04T21:53:43.888321,307.51,2.26,2.26,7,3,3.0,2.26,Timestamp Interpretation Query,CSN2,3,04122024,1615,2,CSN2,CSN2,Timestamp Interpretation Query
04122024_1615_21,True,1,1,1733330216.903978,1733331184.681335,2024-12-04T16:36:56.903978,2024-12-04T16:53:04.681335,16.13,14.42,14.42,13,6,6.0,14.42,ID Request Acknowledgement,CSN21,6,04122024,1615,21,CSN21,CSN21,ID Request Acknowledgement
04122024_1615_9,True,1,1,1733330820.187691,1733351175.428848,2024-12-04T16:47:00.187691,2024-12-04T22:26:15.428848,339.25,7.85,7.85,21,10,10.0,7.85,ID Assistance,CSN9,10,04122024,1615,9,CSN9,CSN9,ID Assistance
04122024_1630_5,True,1,1,1733329871.451449,1733330965.206684,2024-12-04T16:31:11.451449,2024-12-04T16:49:25.206684,18.23,16.84,16.84,35,17,17.0,16.84,ID provided and noted,CSN5,17,04122024,1630,5,CSN5,CSN5,ID provided and noted
04122024_1634_06,True,1,1,1733330092.869403,1733331165.914878,2024-12-04T16:34:52.869403,2024-12-04T16:52:45.914878,17.88,15.96,15.96,40,18,18.0,15.96,ID Assistance,CSN6,18,04122024,1634,06,CSN6,CSN6,ID Assistance
04122024_1645_19,True,1,1,1733330077.764211,1733331167.577197,2024-12-04T16:34:37.764211,2024-12-04T16:52:47.577197,18.16,17.11,17.11,36,18,18.0,17.11,ID Acknowledgement and Assistance,CSN19,18,04122024,1645,19,CSN19,CSN19,ID Acknowledgement and Assistance
04122024_1730_11,True,1,1,1733334633.087677,1733335309.197835,2024-12-04T17:50:33.087677,2024-12-04T18:01:49.197835,11.27,9.51,9.51,13,6,6.0,9.51,ID Confirmation Request,CSN11,6,04122024,1730,11,CSN11,CSN11,ID Confirmation Request
04122024_1730_12,True,1,1,1733334952.291181,1733335542.705073,2024-12-04T17:55:52.291181,2024-12-04T18:05:42.705073,9.84,5.39,5.39,22,9,9.0,5.39,ID Request Acknowledgement,CSN9,9,04122024,1730,12,CSN9,CSN9,ID Request Acknowledgement
04122024_1730_13,True,1,1,1733335558.33119,1733335757.778281,2024-12-04T18:05:58.331190,2024-12-04T18:09:17.778281,3.32,1.7,1.7,8,2,2.0,1.7,ID Confirmation and Assistance,CSN13,2,04122024,1730,13,CSN13,CSN13,ID Confirmation and Assistance
04122024_1730_14,True,1,1,1733335461.37534,1733335734.35822,2024-12-04T18:04:21.375340,2024-12-04T18:08:54.358220,4.55,3.28,3.28,13,6,6.0,3.28,Nottingham events weather football,CSN14,6,04122024,1730,14,CSN14,CSN14,Nottingham events weather football
04122024_1730_16,True,1,1,1733334994.729569,1733335744.354277,2024-12-04T17:56:34.729569,2024-12-04T18:09:04.354277,12.49,9.69,9.69,15,7,7.0,9.69,ID Confirmation Request,CSN16,7,04122024,1730,16,CSN16,CSN16,ID Confirmation Request
04122024_1730_17,True,1,1,1733334715.41864,1733335694.955536,2024-12-04T17:51:55.418640,2024-12-04T18:08:14.955536,16.33,11.08,11.08,16,6,6.0,11.08,ID Assistance Request,CSN17,6,04122024,1730,17,CSN17,CSN17,ID Assistance Request
04122024_1730_3,True,1,1,1733334472.720117,1733335173.435268,2024-12-04T17:47:52.720117,2024-12-04T17:59:33.435268,11.68,10.91,10.91,29,12,12.0,10.91,ID Update Confirmation,CSN3,12,04122024,1730,3,CSN3,CSN3,ID Update Confirmation
04122024_1730_6,True,1,1,1733335008.580846,1733335776.268814,2024-12-04T17:56:48.580846,2024-12-04T18:09:36.268814,12.79,11.19,11.19,18,7,7.0,11.19,ID Confirmation,CSN6,7,04122024,1730,6,CSN6,CSN6,ID Confirmation
04122024_1753_7,True,1,1,1733334760.857647,1733335745.220044,2024-12-04T17:52:40.857647,2024-12-04T18:09:05.220044,16.41,11.66,11.66,12,6,6.0,11.66,ID reference clarification,CSN7,6,04122024,1753,7,CSN7,CSN7,ID reference clarification
04142024_1730_19,True,1,1,1733335677.787217,1733353361.86906,2024-12-04T18:07:57.787217,2024-12-04T23:02:41.869060,294.73,0.66,0.66,4,2,2.0,0.66,ID Sharing Assistance,CSN19,2,04142024,1730,19,CSN19,CSN19,ID Sharing Assistance
05122024_1000_12,True,1,1,1733393759.247198,1733394420.159287,2024-12-05T10:15:59.247198,2024-12-05T10:27:00.159287,11.02,8.24,8.24,25,12,12.0,8.24,ID Request Assistance,CSN9,12,05122024,1000,12,CSN9,CSN9,ID Request Assistance
05122024_1000_14,True,1,1,1733394993.721643,1733511314.302338,2024-12-05T10:36:33.721643,2024-12-06T18:55:14.302338,1938.68,0.86,0.86,8,2,2.0,0.86,ID Confirmation and Assistance,CSN14,2,05122024,1000,14,CSN14,CSN14,ID Confirmation and Assistance
05122024_1000_15,True,1,1,1733394863.319208,1733395304.404345,2024-12-05T10:34:23.319208,2024-12-05T10:41:44.404345,7.35,5.41,5.41,18,7,7.0,5.41,ID Sharing and Assistance,CSN15,7,05122024,1000,15,CSN15,CSN15,ID Sharing and Assistance
05122024_1000_16,True,1,1,1733393896.834248,1733394380.59202,2024-12-05T10:18:16.834248,2024-12-05T10:26:20.592020,8.06,6.34,6.34,11,5,5.0,6.34,ID Inquiry Response,CSN16,5,05122024,1000,16,CSN16,CSN16,ID Inquiry Response
05122024_1000_19,True,1,1,1733394192.032703,1733395049.669158,2024-12-05T10:23:12.032703,2024-12-05T10:37:29.669158,14.29,13.64,13.64,26,13,13.0,13.64,ID Assistance Request,CSN19,13,05122024,1000,19,CSN19,CSN19,ID Assistance Request
05122024_1000_2,True,1,1,1733393935.831672,1733395256.917882,2024-12-05T10:18:55.831672,2024-12-05T10:40:56.917882,22.02,21.44,21.44,52,24,24.0,21.44,ID Update Request,CSN2,24,05122024,1000,2,CSN2,CSN2,ID Update Request
05122024_1000_20,True,1,1,1733394678.504887,1733395306.551936,2024-12-05T10:31:18.504887,2024-12-05T10:41:46.551936,10.47,8.39,8.39,24,10,10.0,8.39,ID Confirmation Assistance,CSN20,10,05122024,1000,20,CSN20,CSN20,ID Confirmation Assistance
05122024_1000_21,True,1,1,1733394176.456174,1733395202.275245,2024-12-05T10:22:56.456174,2024-12-05T10:40:02.275245,17.1,16.33,16.33,53,25,25.0,16.33,ID Verification Request,CSN21,25,05122024,1000,21,CSN21,CSN21,ID Verification Request
05122024_1000_22,True,1,1,1733394257.872093,1733395292.933416,2024-12-05T10:24:17.872093,2024-12-05T10:41:32.933416,17.25,17.23,17.23,17,8,8.0,17.23,ID Confirmation Assistance,CSN22,8,05122024,1000,22,CSN22,CSN22,ID Confirmation Assistance
05122024_1000_7,True,1,1,1733393384.664866,1733395287.572654,2024-12-05T10:09:44.664866,2024-12-05T10:41:27.572654,31.72,29.45,29.45,26,13,13.0,29.45,Infinitive Explanation,CSN7,13,05122024,1000,7,CSN7,CSN7,Infinitive Explanation
05122024_1018_6,True,2,2,1733393894.334108,1733413413.016783,2024-12-05T10:18:14.334108,2024-12-05T15:43:33.016783,325.31,27.69,13.84,87,39,19.5,16.57,ID and Timestamp Query,CSN6,20,05122024,1018,6,CSN6,CSN6,ID Confirmation Assistance | ID and Timestamp Query
05122024_1020_3,True,1,0,1733394382.90543,1733413149.571299,2024-12-05T10:26:22.905430,2024-12-05T15:39:09.571299,312.78,0.15,0.15,3,1,1.0,0,,,0,05122024,1020,3,CSN3,CSN3,Event and Item Inquiry
05122024_1037_13,True,1,1,1733395044.197492,1733395487.098088,2024-12-05T10:37:24.197492,2024-12-05T10:44:47.098088,7.38,1.13,1.13,8,2,2.0,1.13,ID Entry and Acknowledgement,CSN13,2,05122024,1037,13,CSN13,CSN13,ID Entry and Acknowledgement
05122024_1038_18,True,1,0,1733395176.801105,1733395472.069092,2024-12-05T10:39:36.801105,2024-12-05T10:44:32.069092,4.92,0.06,0.06,5,1,1.0,0,,,0,05122024,1038,18,CSN18,CSN18,ID Update Confirmation
05122024_1039_03,True,1,1,1733395168.843965,1733413133.707952,2024-12-05T10:39:28.843965,2024-12-05T15:38:53.707952,299.41,12.78,12.78,16,6,6.0,12.78,ID confirmation assistance,CSN3,6,05122024,1039,03,CSN3,CSN3,ID confirmation assistance
05122024_1500_10,True,1,1,1733412266.698468,1733413377.285226,2024-12-05T15:24:26.698468,2024-12-05T15:42:57.285226,18.51,17.09,17.09,30,13,13.0,17.09,ID Confirmation Request,CSN10,13,05122024,1500,10,CSN10,CSN10,ID Confirmation Request
05122024_1500_13,True,2,2,1733412217.140518,1733417979.796676,2024-12-05T15:23:37.140518,2024-12-05T16:59:39.796676,96.04,23.69,11.84,62,27,13.5,15.29,ID Confirmation,CSN13,18,05122024,1500,13,CSN13,CSN13,ID Confirmation | ID Correction Request
05122024_1500_14,True,1,1,1733412686.298655,1733413318.005846,2024-12-05T15:31:26.298655,2024-12-05T15:41:58.005846,10.53,8.48,8.48,12,4,4.0,8.48,ID Update Confirmation,CSN14,4,05122024,1500,14,CSN14,CSN14,ID Update Confirmation
05122024_1500_18,True,1,1,1733412066.869837,1733413064.374934,2024-12-05T15:21:06.869837,2024-12-05T15:37:44.374934,16.63,9.86,9.86,18,7,7.0,9.86,ID Update Confirmation,CSN18,7,05122024,1500,18,CSN18,CSN18,ID Update Confirmation
05122024_1500_20,True,1,1,1733412492.279956,1733413387.337265,2024-12-05T15:28:12.279956,2024-12-05T15:43:07.337265,14.92,9.46,9.46,12,4,4.0,9.46,ID Update Confirmation,CSN20,4,05122024,1500,20,CSN20,CSN20,ID Update Confirmation
05122024_1500_4,True,1,1,1733412152.455439,1733413303.147305,2024-12-05T15:22:32.455439,2024-12-05T15:41:43.147305,19.18,15.61,15.61,25,12,12.0,15.61,ID Assistance Request,CSN4,12,05122024,1500,4,CSN4,CSN4,ID Assistance Request
05122024_1500_8,True,1,1,1733411565.391958,1733413050.89868,2024-12-05T15:12:45.391958,2024-12-05T15:37:30.898680,24.76,23.88,23.88,58,26,26.0,23.88,ID Confirmation and Assistance,CSN8,26,05122024,1500,8,CSN8,CSN8,ID Confirmation and Assistance
05122024_1515_03,True,1,1,1733411746.063092,1733413060.31087,2024-12-05T15:15:46.063092,2024-12-05T15:37:40.310870,21.9,21.18,21.18,30,13,13.0,21.18,ID confirmation and assistance,CSN3,13,05122024,1515,03,CSN3,CSN3,ID confirmation and assistance
05122024_1515_12,True,1,1,1733411746.494239,1733510307.312274,2024-12-05T15:15:46.494239,2024-12-06T18:38:27.312274,1642.68,23.92,23.92,41,20,20.0,23.92,ID Format Interpretation,CSN9,20,05122024,1515,12,CSN9,CSN9,ID Format Interpretation
05122024_1515_5,True,1,1,1733411725.294088,1733412617.74198,2024-12-05T15:15:25.294088,2024-12-05T15:30:17.741980,14.87,14.5,14.5,52,24,24.0,14.5,ID Request Response,CSN5,24,05122024,1515,5,CSN5,CSN5,ID Request Response
05122024_1517_1,True,1,1,1733411840.942526,1733413091.500613,2024-12-05T15:17:20.942526,2024-12-05T15:38:11.500613,20.84,20.04,20.04,25,12,12.0,20.04,ID Assistance,CSN1,12,05122024,1517,1,CSN1,CSN1,ID Assistance
05122024_1519_02,True,1,1,1733411992.535563,1733413078.961224,2024-12-05T15:19:52.535563,2024-12-05T15:37:58.961224,18.11,16.66,16.66,45,20,20.0,16.66,ID confirmation and assistance,CSN2,20,05122024,1519,02,CSN2,CSN2,ID confirmation and assistance
05122024_1526_22,True,1,0,1733412376.791858,1733412878.042045,2024-12-05T15:26:16.791858,2024-12-05T15:34:38.042045,8.35,0.01,0.01,3,1,1.0,0,,,0,05122024,1526,22,CSN22,CSN22,ID Sharing Inquiry
05122024_1530_09,True,1,0,1733412669.347437,1733413447.309768,2024-12-05T15:31:09.347437,2024-12-05T15:44:07.309768,12.97,12.81,12.81,5,2,2.0,0,,,0,05122024,1530,09,CSN9,CSN9,ID Assistance Request
05122024_1600_14,True,1,1,1733416795.65526,1733417833.731452,2024-12-05T16:39:55.655260,2024-12-05T16:57:13.731452,17.3,14.73,14.73,38,17,17.0,14.73,ID Confirmation Assistance,CSN14,17,05122024,1600,14,CSN14,CSN14,ID Confirmation Assistance
05122024_1600_2,True,1,1,1733416848.980922,1733417810.638694,2024-12-05T16:40:48.980922,2024-12-05T16:56:50.638694,16.03,15.04,15.04,36,16,16.0,15.04,ID Confirmation,CSN2,16,05122024,1600,2,CSN2,CSN2,ID Confirmation
05122024_1615_03,True,1,1,1733416997.265768,1733417885.154855,2024-12-05T16:43:17.265768,2024-12-05T16:58:05.154855,14.8,13.05,13.05,28,12,12.0,13.05,Kiel diri ŝati,CSN3,12,05122024,1615,03,CSN3,CSN3,Kiel diri ŝati
05122024_1615_10,True,1,1,1733416603.60071,1733510418.68526,2024-12-05T16:36:43.600710,2024-12-06T18:40:18.685260,1563.58,20.53,20.53,43,21,21.0,20.53,ID Timestamp Explanation,CSN10,21,05122024,1615,10,CSN10,CSN10,ID Timestamp Explanation
05122024_1615_12,True,1,1,1733417082.977902,1733418002.950559,2024-12-05T16:44:42.977902,2024-12-05T17:00:02.950559,15.33,13.39,13.39,38,17,17.0,13.39,ID request summary,CSN9,17,05122024,1615,12,CSN9,CSN9,ID request summary
05122024_1615_17,True,1,1,1733416482.557736,1733417988.744978,2024-12-05T16:34:42.557736,2024-12-05T16:59:48.744978,25.1,22.83,22.83,54,25,25.0,22.83,ID Assistance,CSN17,25,05122024,1615,17,CSN17,CSN17,ID Assistance
05122024_1615_18,True,1,1,1733417075.803214,1733418039.997203,2024-12-05T16:44:35.803214,2024-12-05T17:00:39.997203,16.07,10.73,10.73,22,9,9.0,10.73,ID Acknowledgment,CSN18,9,05122024,1615,18,CSN18,CSN18,ID Acknowledgment
05122024_1615_21,True,1,1,1733416962.451254,1733417965.091886,2024-12-05T16:42:42.451254,2024-12-05T16:59:25.091886,16.71,15.38,15.38,63,31,31.0,15.38,ID Sharing and Assistance,CSN21,31,05122024,1615,21,CSN21,CSN21,ID Sharing and Assistance
05122024_1615_4,True,1,1,1733416608.447305,1733417862.224164,2024-12-05T16:36:48.447305,2024-12-05T16:57:42.224164,20.9,20.29,20.29,59,28,28.0,20.29,ID Inquiry and Assistance,CSN4,28,05122024,1615,4,CSN4,CSN4,ID Inquiry and Assistance
05122024_1640_15,True,1,1,1733416806.511666,1733417641.498017,2024-12-05T16:40:06.511666,2024-12-05T16:54:01.498017,13.92,8.5,8.5,18,7,7.0,8.5,ID Update Confirmation,CSN15,7,05122024,1640,15,CSN15,CSN15,ID Update Confirmation
05122024_1645_1,True,1,1,1733417137.176554,1733418074.704764,2024-12-05T16:45:37.176554,2024-12-05T17:01:14.704764,15.63,12.19,12.19,25,12,12.0,12.19,ID Assistance,CSN1,12,05122024,1645,1,CSN1,CSN1,ID Assistance
05122024_1647_16,True,1,1,1733417236.891447,1733417933.401629,2024-12-05T16:47:16.891447,2024-12-05T16:58:53.401629,11.61,10.31,10.31,26,13,13.0,10.31,ID Inquiry Response,CSN16,13,05122024,1647,16,CSN16,CSN16,ID Inquiry Response
05122024_1652_09,True,1,0,1733417535.116338,1733417980.884047,2024-12-05T16:52:15.116338,2024-12-05T16:59:40.884047,7.43,0.02,0.02,6,1,1.0,0,,,0,05122024,1652,09,CSN9,CSN9,ID Assistance
20411833_1000_04,True,1,1,1733307966.953134,1733309082.100353,2024-12-04T10:26:06.953134,2024-12-04T10:44:42.100353,18.59,16.22,16.22,38,18,18.0,16.22,ID clarification request,CSN4,18,20411833,1000,04,CSN4,CSN4,ID clarification request
20416281_1345_09,True,1,1,1733321377.690781,1733322233.949446,2024-12-04T14:09:37.690781,2024-12-04T14:23:53.949446,14.27,12.44,12.44,33,16,16.0,12.44,ID Inquiry Assistance,CSN9,16,20416281,1345,09,CSN9,CSN9,ID Inquiry Assistance
20430591_1230_5,True,1,0,1733316862.089184,1733317627.966127,2024-12-04T12:54:22.089184,2024-12-04T13:07:07.966127,12.76,0.03,0.03,3,1,1.0,0,,,0,20430591,1230,5,CSN5,CSN5,ID Assistance Request
20452200_1029_11,True,1,0,1733308158.90529,1733329833.055036,2024-12-04T10:29:18.905290,2024-12-04T16:30:33.055036,361.24,10.56,10.56,9,4,4.0,0,,,0,20452200,1029,11,CSN11,CSN11,Product Identifier Inquiry
20471918_1221_1,True,1,1,1733142085.650279,1733143082.747607,2024-12-02T12:21:25.650279,2024-12-02T12:38:02.747607,16.62,13.47,13.47,32,14,14.0,13.47,ID Sharing and Assistance,CSN1,14,20471918,1221,1,CSN1,CSN1,ID Sharing and Assistance
20479398_1230_19,True,1,1,1733316930.455974,1733317992.369127,2024-12-04T12:55:30.455974,2024-12-04T13:13:12.369127,17.7,14.73,14.73,46,23,23.0,14.73,Product Identifier Analysis,CSN19,23,20479398,1230,19,CSN19,CSN19,Product Identifier Analysis
20544082_1145_17,True,1,1,1733226318.184048,1733227185.807774,2024-12-03T11:45:18.184048,2024-12-03T11:59:45.807774,14.46,10.62,10.62,31,12,12.0,10.62,ID Confirmation Assistance,CSN17,12,20544082,1145,17,CSN17,CSN17,ID Confirmation Assistance
20562616_1115_10,True,1,1,1733312929.859505,1733313726.289301,2024-12-04T11:48:49.859505,2024-12-04T12:02:06.289301,13.27,12.35,12.35,25,9,9.0,12.35,ID Request and Assistance,CSN10,9,20562616,1115,10,CSN10,CSN10,ID Request and Assistance
20588493_1142_22,True,1,1,1733312479.105302,1733313339.520715,2024-12-04T11:41:19.105302,2024-12-04T11:55:39.520715,14.34,12.53,12.53,21,10,10.0,12.53,ID request assistance,CSN22,10,20588493,1142,22,CSN22,CSN22,ID request assistance
20596864_1028_04,True,1,1,1733308117.476129,1733309109.639045,2024-12-04T10:28:37.476129,2024-12-04T10:45:09.639045,16.54,14.74,14.74,46,21,21.0,14.74,ID Request Assistance,CSN10,21,20596864,1028,04,CSN10,CSN10,ID Request Assistance
20599195_1000_13,True,1,1,1733307981.338344,1733328766.199047,2024-12-04T10:26:21.338344,2024-12-04T16:12:46.199047,346.41,12.29,12.29,34,15,15.0,12.29,ID Provided,CSN13,15,20599195,1000,13,CSN13,CSN13,ID Provided
20606627_1000_14,True,1,0,1733221444.042857,1733222166.963967,2024-12-03T10:24:04.042857,2024-12-03T10:36:06.963967,12.05,0.05,0.05,3,1,1.0,0,,,0,20606627,1000,14,CSN14,CSN14,ID Assistance Request
20643527_1200_15,True,1,1,1733141308.003455,1733142319.722415,2024-12-02T12:08:28.003455,2024-12-02T12:25:19.722415,16.86,15.03,15.03,39,17,17.0,15.03,ID Assistance Request,CSN15,17,20643527,1200,15,CSN15,CSN15,ID Assistance Request
28112024_1200_1,True,1,1,1732796860.14173,1732900522.548795,2024-11-28T12:27:40.141730,2024-11-29T17:15:22.548795,1727.71,13.85,13.85,28,13,13.0,13.85,Code Identification Query,CSN1,13,28112024,1200,1,CSN1,CSN1,Code Identification Query
28112024_1200_12,True,1,1,1732797067.031479,1732901872.832338,2024-11-28T12:31:07.031479,2024-11-29T17:37:52.832338,1746.76,10.57,10.57,25,10,10.0,10.57,Event Time Analysis,CSN9,10,28112024,1200,12,CSN9,CSN9,Event Time Analysis
28112024_1200_13,True,1,1,1732796848.452823,1732797941.275383,2024-11-28T12:27:28.452823,2024-11-28T12:45:41.275383,18.21,16.11,16.11,46,22,22.0,16.11,Timestamp Interpretation Query,CSN13,22,28112024,1200,13,CSN13,CSN13,Timestamp Interpretation Query
28112024_1200_15,True,1,1,1732796776.20983,1732797836.913409,2024-11-28T12:26:16.209830,2024-11-28T12:43:56.913409,17.68,15.42,15.42,41,20,20.0,15.42,Event ID Interpretation,CSN15,20,28112024,1200,15,CSN15,CSN15,Event ID Interpretation
28112024_1200_16,True,1,1,1732797064.548313,1732797894.919061,2024-11-28T12:31:04.548313,2024-11-28T12:44:54.919061,13.84,11.11,11.11,19,9,9.0,11.11,Event Schedule Summary,CSN16,9,28112024,1200,16,CSN16,CSN16,Event Schedule Summary
28112024_1200_17,True,1,1,1732796717.980413,1732902460.458924,2024-11-28T12:25:17.980413,2024-11-29T17:47:40.458924,1762.37,14.37,14.37,5,2,2.0,14.37,Fartas en Esperanto,CSN17,2,28112024,1200,17,CSN17,CSN17,Fartas en Esperanto
28112024_1200_8,True,1,1,1732796689.141545,1732901746.963561,2024-11-28T12:24:49.141545,2024-11-29T17:35:46.963561,1750.96,16.49,16.49,37,18,18.0,16.49,Nottingham Weather Update,CSN8,18,28112024,1200,8,CSN8,CSN8,Nottingham Weather Update
28112024_1222_3,True,1,1,1732796573.54373,1732900810.277004,2024-11-28T12:22:53.543730,2024-11-29T17:20:10.277004,1737.28,18.79,18.79,57,28,28.0,18.79,Code Interpretation Request,CSN3,28,28112024,1222,3,CSN3,CSN3,Code Interpretation Request
28112024_1223_6,True,1,1,1732796596.292043,1732901452.5416,2024-11-28T12:23:16.292043,2024-11-29T17:30:52.541600,1747.6,18.8,18.8,33,16,16.0,18.8,Event Schedule Query,CSN6,16,28112024,1223,6,CSN6,CSN6,Event Schedule Query
28112024_1225_7,True,1,1,1732796746.240263,1732901603.373417,2024-11-28T12:25:46.240263,2024-11-29T17:33:23.373417,1747.62,16.33,16.33,11,4,4.0,16.33,Nottingham Weather Forecast,CSN7,4,28112024,1225,7,CSN7,CSN7,Nottingham Weather Forecast
28112024_1235_14,True,1,1,1732797321.707602,1732902184.839845,2024-11-28T12:35:21.707602,2024-11-29T17:43:04.839845,1747.72,9.24,9.24,13,6,6.0,9.24,Timestamp interpretation request,CSN14,6,28112024,1235,14,CSN14,CSN14,Timestamp interpretation request
conv_674860f8,False,1,1,1732796664.253437,1732797976.695948,2024-11-28T12:24:24.253437,2024-11-28T12:46:16.695948,21.87,17.77,17.77,44,22,22.0,17.77,281124_12:00_,CSN19,22,,,,CSN19,CSN19,281124_12:00_
conv_67486246,False,1,1,1732796999.252502,1732797830.935439,2024-11-28T12:29:59.252502,2024-11-28T12:43:50.935439,13.86,12.26,12.26,24,10,10.0,12.26,Meaning of Number 18,CSN18,10,,,,CSN18,CSN18,Meaning of Number 18
conv_67486406,False,1,0,1732797446.511191,1732900559.307999,2024-11-28T12:37:26.511191,2024-11-29T17:15:59.307999,1718.55,0.08,0.08,3,1,1.0,0,,,0,,,,CSN2,CSN2,Nottingham Weather Update
conv_6749fe9e,False,6,0,1732902558.844928,1733153119.777041,2024-11-29T17:49:18.844928,2024-12-02T15:25:19.777041,4176.02,0.09,0.01,12,6,1.0,0,,,0,,,,"CSN1,CSN3,CSN4,CSN6,CSN7,CSN8",CSN1,Login Assistance | Login assistance request | Login Assistance Request | Login Assistance | Google Login Instructions | Login Assistance
conv_6749fe9f,False,2,0,1732902559.754364,1733153070.293769,2024-11-29T17:49:19.754364,2024-12-02T15:24:30.293769,4175.18,0.04,0.02,4,2,1.0,0,,,0,,,,"CSN2,CSN5",CSN2,Login Assistance | Login assistance
conv_674d880c,False,1,0,1733134348.832335,1733152662.835401,2024-12-02T10:12:28.832335,2024-12-02T15:17:42.835401,305.23,0.04,0.04,3,1,1.0,0,,,0,,,,CSN1,CSN1,Hello assistance request
conv_674da459,False,1,1,1733141593.269803,1733142852.404368,2024-12-02T12:13:13.269803,2024-12-02T12:34:12.404368,20.99,19.79,19.79,77,38,38.0,19.79,Muŝo kaj flugas,CSN14,38,,,,CSN14,CSN14,Muŝo kaj flugas
conv_674da4e4,False,1,1,1733141733.37054,1733143000.43998,2024-12-02T12:15:33.370540,2024-12-02T12:36:40.439980,21.12,18.65,18.65,71,33,33.0,18.65,ID Assistance,CSN2,33,,,,CSN2,CSN2,ID Assistance
conv_674da5a6,False,1,1,1733141927.044643,1733143003.851032,2024-12-02T12:18:47.044643,2024-12-02T12:36:43.851032,17.95,17.25,17.25,37,16,16.0,17.25,ID Summary Request,CSN4,16,,,,CSN4,CSN4,ID Summary Request
conv_674da5ba,False,1,1,1733141946.589546,1733143125.191176,2024-12-02T12:19:06.589546,2024-12-02T12:38:45.191176,19.64,16.23,16.23,25,12,12.0,16.23,Amikoj signifas amikoj,CSN21,12,,,,CSN21,CSN21,Amikoj signifas amikoj
conv_674da5cb,False,1,1,1733141963.764685,1733143055.065757,2024-12-02T12:19:23.764685,2024-12-02T12:37:35.065757,18.19,8.19,8.19,13,6,6.0,8.19,ID Confirmation Request,CSN9,6,,,,CSN9,CSN9,ID Confirmation Request
conv_674da5ff,False,1,1,1733142016.019932,1733142984.075532,2024-12-02T12:20:16.019932,2024-12-02T12:36:24.075532,16.13,14.18,14.18,43,21,21.0,14.18,ID Assistance,CSN3,21,,,,CSN3,CSN3,ID Assistance
conv_674da633,False,1,1,1733142067.928456,1733142680.855424,2024-12-02T12:21:07.928456,2024-12-02T12:31:20.855424,10.22,5.01,5.01,13,6,6.0,5.01,Lerni en la pasinteco,CSN8,6,,,,CSN8,CSN8,Lerni en la pasinteco
conv_674da7bf,False,1,1,1733142463.776413,1733143096.543675,2024-12-02T12:27:43.776413,2024-12-02T12:38:16.543675,10.55,9.07,9.07,9,3,3.0,9.07,ID interpretation request,CSN11,3,,,,CSN11,CSN11,ID interpretation request
conv_674ed886,False,1,1,1733220487.268395,1733227032.690376,2024-12-03T10:08:07.268395,2024-12-03T11:57:12.690376,109.09,16.62,16.62,5,2,2.0,16.62,Lerni Esperanton kune,CSN9,2,,,,CSN9,CSN9,Lerni Esperanton kune
conv_674eda35,False,1,1,1733220917.483237,1733222216.420427,2024-12-03T10:15:17.483237,2024-12-03T10:36:56.420427,21.65,17.8,17.8,28,11,11.0,17.8,Lernu Esperanton,CSN1,11,,,,CSN1,CSN1,Lernu Esperanton
conv_674eda77,False,1,1,1733220984.378766,1733222222.690811,2024-12-03T10:16:24.378766,2024-12-03T10:37:02.690811,20.64,19.79,19.79,28,12,12.0,19.79,ID Assistance,CSN2,12,,,,CSN2,CSN2,ID Assistance
conv_674edb41,False,1,1,1733221186.265535,1733222009.429491,2024-12-03T10:19:46.265535,2024-12-03T10:33:29.429491,13.72,10.3,10.3,22,9,9.0,10.3,ID Confirmation Request,CSN13,9,,,,CSN13,CSN13,ID Confirmation Request
conv_674edc3d,False,1,1,1733221437.500822,1733228572.127404,2024-12-03T10:23:57.500822,2024-12-03T12:22:52.127404,118.91,20.81,20.81,49,24,24.0,20.81,Amikoj en Esperanto,CSN11,24,,,,CSN11,CSN11,Amikoj en Esperanto
conv_674edc52,False,1,1,1733221458.58394,1733222531.036236,2024-12-03T10:24:18.583940,2024-12-03T10:42:11.036236,17.87,13.41,13.41,18,8,8.0,13.41,ID Confirmation Assistance,CSN3,8,,,,CSN3,CSN3,ID Confirmation Assistance
conv_674edca8,False,1,1,1733221544.761522,1733222532.991932,2024-12-03T10:25:44.761522,2024-12-03T10:42:12.991932,16.47,11.46,11.46,16,8,8.0,11.46,Verbo enkonduko,CSN7,8,,,,CSN7,CSN7,Verbo enkonduko
conv_674edd72,False,1,1,1733221746.813197,1733222400.319458,2024-12-03T10:29:06.813197,2024-12-03T10:40:00.319458,10.89,10.37,10.37,13,6,6.0,10.37,ID Sharing Assistance,CSN8,6,,,,CSN8,CSN8,ID Sharing Assistance
conv_674ede81,False,1,1,1733222017.800261,1733222482.247364,2024-12-03T10:33:37.800261,2024-12-03T10:41:22.247364,7.74,7.03,7.03,33,16,16.0,7.03,Angla al Esperanto traduko,CSN15,16,,,,CSN15,CSN15,Angla al Esperanto traduko
conv_674edfb6,False,1,0,1733222326.681022,1733222595.82838,2024-12-03T10:38:46.681022,2024-12-03T10:43:15.828380,4.49,0.05,0.05,3,1,1.0,0,,,0,,,,CSN6,CSN6,ID Confirmation Assistance
conv_674ee98f,False,1,1,1733224847.63165,1733227163.537318,2024-12-03T11:20:47.631650,2024-12-03T11:59:23.537318,38.6,10.61,10.61,14,5,5.0,10.61,Hello assistance,CSN2,5,,,,CSN2,CSN2,Hello assistance
conv_674eec02,False,1,1,1733225474.333182,1733226748.601017,2024-12-03T11:31:14.333182,2024-12-03T11:52:28.601017,21.24,20.7,20.7,27,13,13.0,20.7,ID Timestamp Clarification,CSN3,13,,,,CSN3,CSN3,ID Timestamp Clarification
conv_674eece7,False,1,1,1733225703.994823,1733226906.93582,2024-12-03T11:35:03.994823,2024-12-03T11:55:06.935820,20.05,18.57,18.57,38,17,17.0,18.57,ID Confirmation and Request,CSN6,17,,,,CSN6,CSN6,ID Confirmation and Request
conv_674eed23,False,1,1,1733225763.563834,1733226708.702902,2024-12-03T11:36:03.563834,2024-12-03T11:51:48.702902,15.75,15.3,15.3,25,12,12.0,15.3,ID Confirmation Assistance,CSN21,12,,,,CSN21,CSN21,ID Confirmation Assistance
conv_674eed5d,False,1,1,1733225822.618015,1733226657.414044,2024-12-03T11:37:02.618015,2024-12-03T11:50:57.414044,13.91,12.38,12.38,39,16,16.0,12.38,ID Assistance,CSN16,16,,,,CSN16,CSN16,ID Assistance
conv_674ef11a,False,1,1,1733226779.202898,1733226805.56922,2024-12-03T11:52:59.202898,2024-12-03T11:53:25.569220,0.44,0.21,0.21,3,1,1.0,0.21,Ili Esperanto Overview,CSN5,1,,,,CSN5,CSN5,Ili Esperanto Overview
conv_674efdb5,False,1,1,1733230006.45547,1733230841.078295,2024-12-03T12:46:46.455470,2024-12-03T13:00:41.078295,13.91,13.25,13.25,30,14,14.0,13.25,El pájaro vuela traducción,CSN13,14,,,,CSN13,CSN13,El pájaro vuela traducción
conv_674efdda,False,1,1,1733230042.605212,1733231660.610053,2024-12-03T12:47:22.605212,2024-12-03T13:14:20.610053,26.97,0.2,0.2,3,1,1.0,0.2,Infinitive Definition and Usage,CSN17,1,,,,CSN17,CSN17,Infinitive Definition and Usage
conv_674efe52,False,1,1,1733230162.612163,1733230913.050538,2024-12-03T12:49:22.612163,2024-12-03T13:01:53.050538,12.51,11.74,11.74,31,15,15.0,11.74,ID Summary Request,CSN21,15,,,,CSN21,CSN21,ID Summary Request
conv_674efe79,False,1,1,1733230201.827388,1733254195.841507,2024-12-03T12:50:01.827388,2024-12-03T19:29:55.841507,399.9,15.45,15.45,29,14,14.0,15.45,Amikoj en Esperanto,CSN1,14,,,,CSN1,CSN1,Amikoj en Esperanto
conv_674eff08,False,1,1,1733230344.552841,1733231186.790334,2024-12-03T12:52:24.552841,2024-12-03T13:06:26.790334,14.04,12.9,12.9,31,15,15.0,12.9,ID Summary Request,CSN5,15,,,,CSN5,CSN5,ID Summary Request
conv_674f009d,False,1,1,1733230749.391095,1733235707.412665,2024-12-03T12:59:09.391095,2024-12-03T14:21:47.412665,82.63,11.13,11.13,26,9,9.0,11.13,ID Assistance,CSN10,9,,,,CSN10,CSN10,ID Assistance
conv_674f01a0,False,1,1,1733231008.905484,1733231648.555839,2024-12-03T13:03:28.905484,2024-12-03T13:14:08.555839,10.66,8.4,8.4,19,9,9.0,8.4,ID Assistance Summary,CSN19,9,,,,CSN19,CSN19,ID Assistance Summary
conv_674f0313,False,1,1,1733231379.313571,1733231631.930831,2024-12-03T13:09:39.313571,2024-12-03T13:13:51.930831,4.21,3.86,3.86,17,8,8.0,3.86,Farado de frazoj negativaj,CSN7,8,,,,CSN7,CSN7,Farado de frazoj negativaj
conv_674f0355,False,1,1,1733231445.75742,1733254229.082058,2024-12-03T13:10:45.757420,2024-12-03T19:30:29.082058,379.72,0.25,0.25,7,3,3.0,0.25,Esperanto translation inquiry,CSN1,3,,,,CSN1,CSN1,Esperanto translation inquiry
conv_674f0cbd,False,1,1,1733233854.181947,1733235708.660523,2024-12-03T13:50:54.181947,2024-12-03T14:21:48.660523,30.91,30.11,30.11,27,13,13.0,30.11,What is Esperanto,CSN1,13,,,,CSN1,CSN1,What is Esperanto
conv_674f0e3a,False,1,1,1733234235.076829,1733235368.43305,2024-12-03T13:57:15.076829,2024-12-03T14:16:08.433050,18.89,17.97,17.97,36,16,16.0,17.97,ID Sharing and Assistance,CSN15,16,,,,CSN15,CSN15,ID Sharing and Assistance
conv_674f0f18,False,1,1,1733234458.266812,1733235977.472606,2024-12-03T14:00:58.266812,2024-12-03T14:26:17.472606,25.32,15.29,15.29,39,19,19.0,15.29,ID Inquiry Response,CSN22,19,,,,CSN22,CSN22,ID Inquiry Response
conv_674f0faf,False,1,1,1733234607.551283,1733245280.060294,2024-12-03T14:03:27.551283,2024-12-03T17:01:20.060294,177.88,31.05,31.05,49,24,24.0,31.05,ID Clarification Request,CSN9,24,,,,CSN9,CSN9,ID Clarification Request
conv_674f10a4,False,1,0,1733234853.594775,1733235432.561355,2024-12-03T14:07:33.594775,2024-12-03T14:17:12.561355,9.65,0.04,0.04,3,1,1.0,0,,,0,,,,CSN18,CSN18,ID Assistance Request
conv_674f1434,False,1,1,1733235768.120311,1733235829.074193,2024-12-03T14:22:48.120311,2024-12-03T14:23:49.074193,1.02,0.14,0.14,3,1,1.0,0.14,Feliĉa Viro en Apartamento,CSN10,1,,,,CSN10,CSN10,Feliĉa Viro en Apartamento
conv_674f146a,False,1,1,1733235818.495,1733239958.156628,2024-12-03T14:23:38.495000,2024-12-03T15:32:38.156628,68.99,68.29,68.29,21,10,10.0,68.29,Esperanto Language Overview,CSN8,10,,,,CSN8,CSN8,Esperanto Language Overview
conv_674f1596,False,1,1,1733236118.587921,1733246910.148594,2024-12-03T14:28:38.587921,2024-12-03T17:28:30.148594,179.86,1.28,1.28,7,3,3.0,1.28,Gramatikaj korektoj en Esperanto,CSN1,3,,,,CSN1,CSN1,Gramatikaj korektoj en Esperanto
conv_674f21c0,False,1,1,1733239232.593764,1733240498.696535,2024-12-03T15:20:32.593764,2024-12-03T15:41:38.696535,21.1,18.46,18.46,62,30,30.0,18.46,ID clarification request,CSN22,30,,,,CSN22,CSN22,ID clarification request
conv_674f22cc,False,1,1,1733239500.904313,1733240057.574974,2024-12-03T15:25:00.904313,2024-12-03T15:34:17.574974,9.28,6.86,6.86,20,8,8.0,6.86,ID Confirmation Assistance,CSN14,8,,,,CSN14,CSN14,ID Confirmation Assistance
conv_674f2334,False,1,1,1733239605.490724,1733240479.484729,2024-12-03T15:26:45.490724,2024-12-03T15:41:19.484729,14.57,13.01,13.01,44,21,21.0,13.01,ID Query Response,CSN19,21,,,,CSN19,CSN19,ID Query Response
conv_674f2385,False,1,1,1733239685.770726,1733240490.667816,2024-12-03T15:28:05.770726,2024-12-03T15:41:30.667816,13.41,8.73,8.73,19,9,9.0,8.73,Verboj en Esperanto,CSN2,9,,,,CSN2,CSN2,Verboj en Esperanto
conv_674f248a,False,1,1,1733239946.186194,1733240089.688864,2024-12-03T15:32:26.186194,2024-12-03T15:34:49.688864,2.39,0.74,0.74,6,3,3.0,0.74,Feliĉa en Esperanto,CSN7,3,,,,CSN7,CSN7,Feliĉa en Esperanto
conv_674f248f,False,1,1,1733239951.945915,1733240430.921584,2024-12-03T15:32:31.945915,2024-12-03T15:40:30.921584,7.98,7.56,7.56,28,10,10.0,7.56,ID and Assistance,CSN17,10,,,,CSN17,CSN17,ID and Assistance
conv_674f31fe,False,1,1,1733243390.382145,1733244514.589464,2024-12-03T16:29:50.382145,2024-12-03T16:48:34.589464,18.74,15.88,15.88,41,20,20.0,15.88,Amikoj en Esperanto,CSN8,20,,,,CSN8,CSN8,Amikoj en Esperanto
conv_674f3266,False,1,1,1733243494.272403,1733245190.89188,2024-12-03T16:31:34.272403,2024-12-03T16:59:50.891880,28.28,23.35,23.35,45,19,19.0,23.35,Masculina en Esperanto,CSN1,19,,,,CSN1,CSN1,Masculina en Esperanto
conv_674f3329,False,1,1,1733243689.565667,1733245100.005914,2024-12-03T16:34:49.565667,2024-12-03T16:58:20.005914,23.51,22.59,22.59,47,23,23.0,22.59,ID Summary,CSN15,23,,,,CSN15,CSN15,ID Summary
conv_674f332c,False,1,1,1733243692.838712,1733244623.775241,2024-12-03T16:34:52.838712,2024-12-03T16:50:23.775241,15.52,14.35,14.35,31,15,15.0,14.35,Flugi en Esperanto,CSN10,15,,,,CSN10,CSN10,Flugi en Esperanto
conv_674f33b3,False,1,1,1733243827.982117,1733244968.663111,2024-12-03T16:37:07.982117,2024-12-03T16:56:08.663111,19.01,15.02,15.02,31,15,15.0,15.02,ID Confirmation Assistance,CSN16,15,,,,CSN16,CSN16,ID Confirmation Assistance
conv_674f33ed,False,1,1,1733243885.592113,1733245214.330189,2024-12-03T16:38:05.592113,2024-12-03T17:00:14.330189,22.15,19.59,19.59,36,17,17.0,19.59,ID Clarification Request,CSN9,17,,,,CSN9,CSN9,ID Clarification Request
conv_674f3477,False,1,1,1733244023.936588,1733245178.09357,2024-12-03T16:40:23.936588,2024-12-03T16:59:38.093570,19.24,16.91,16.91,22,10,10.0,16.91,Hello Assistance,CSN14,10,,,,CSN14,CSN14,Hello Assistance
conv_674f353c,False,1,1,1733244221.04282,1733245207.836765,2024-12-03T16:43:41.042820,2024-12-03T17:00:07.836765,16.45,16.26,16.26,27,13,13.0,16.26,ID Clarification Request,CSN19,13,,,,CSN19,CSN19,ID Clarification Request
conv_674f413f,False,1,0,1733247295.84501,1733254264.708945,2024-12-03T17:34:55.845010,2024-12-03T19:31:04.708945,116.15,0.21,0.21,3,1,1.0,0,,,0,,,,CSN1,CSN1,研究支付与奖励指南
conv_674f446a,False,1,1,1733248106.956826,1733249727.427133,2024-12-03T17:48:26.956826,2024-12-03T18:15:27.427133,27.01,21.36,21.36,74,34,34.0,21.36,English to Esperanto Translation,CSN15,34,,,,CSN15,CSN15,English to Esperanto Translation
conv_674f4542,False,1,1,1733248322.613512,1733249327.012499,2024-12-03T17:52:02.613512,2024-12-03T18:08:47.012499,16.74,15.8,15.8,20,10,10.0,15.8,ID clarification request,CSN7,10,,,,CSN7,CSN7,ID clarification request
conv_674f45cf,False,1,1,1733248464.073081,1733249857.784166,2024-12-03T17:54:24.073081,2024-12-03T18:17:37.784166,23.23,21.35,21.35,32,14,14.0,21.35,ID Request Summary,CSN2,14,,,,CSN2,CSN2,ID Request Summary
conv_674f4611,False,1,1,1733248530.634914,1733249701.312512,2024-12-03T17:55:30.634914,2024-12-03T18:15:01.312512,19.51,18.51,18.51,23,8,8.0,18.51,ID Update Request,CSN6,8,,,,CSN6,CSN6,ID Update Request
conv_674f46c9,False,1,1,1733248713.811102,1733249778.404936,2024-12-03T17:58:33.811102,2024-12-03T18:16:18.404936,17.74,4.27,4.27,7,3,3.0,4.27,ID Assistance,CSN11,3,,,,CSN11,CSN11,ID Assistance
conv_674f481d,False,1,0,1733249053.531452,1733250562.207875,2024-12-03T18:04:13.531452,2024-12-03T18:29:22.207875,25.14,0.02,0.02,3,1,1.0,0,,,0,,,,CSN1,CSN1,ID Confirmation Assistance
conv_674f4907,False,1,1,1733249287.527446,1733284599.752757,2024-12-03T18:08:07.527446,2024-12-04T03:56:39.752757,588.54,0.92,0.92,7,3,3.0,0.92,Esperanto Lingvo Kompreno,CSN8,3,,,,CSN8,CSN8,Esperanto Lingvo Kompreno
conv_675029ba,False,1,1,1733306810.881212,1733309077.05704,2024-12-04T10:06:50.881212,2024-12-04T10:44:37.057040,37.77,37.35,37.35,13,6,6.0,37.35,Is Esperanto a language,CSN1,6,,,,CSN1,CSN1,Is Esperanto a language
conv_675029e7,False,1,1,1733306855.608167,1733317776.530705,2024-12-04T10:07:35.608167,2024-12-04T13:09:36.530705,182.02,0.15,0.15,3,1,1.0,0.15,Infinitive in English,CSN6,1,,,,CSN6,CSN6,Infinitive in English
conv_67502ba7,False,1,1,1733307303.877396,1733309179.230356,2024-12-04T10:15:03.877396,2024-12-04T10:46:19.230356,31.26,30.65,30.65,47,23,23.0,30.65,04122024_1035_3,CSN3,23,,,,CSN3,CSN3,04122024_1035_3
conv_67502ba9,False,1,1,1733307306.394666,1733309039.976004,2024-12-04T10:15:06.394666,2024-12-04T10:43:59.976004,28.89,0.49,0.49,3,1,1.0,0.49,Esperanto Baza Resumo,CSN9,1,,,,CSN9,CSN9,Esperanto Baza Resumo
conv_67502e46,False,1,1,1733307974.298054,1733309176.543359,2024-12-04T10:26:14.298054,2024-12-04T10:46:16.543359,20.04,18.09,18.09,65,32,32.0,18.09,Numerology Date Analysis,CSN15,32,,,,CSN15,CSN15,Numerology Date Analysis
conv_67502ea9,False,1,1,1733308074.056484,1733308591.050707,2024-12-04T10:27:54.056484,2024-12-04T10:36:31.050707,8.62,7.17,7.17,22,11,11.0,7.17,Pasinteco en Esperanto,CSN19,11,,,,CSN19,CSN19,Pasinteco en Esperanto
conv_67502ec8,False,1,1,1733308104.762884,1733309155.513616,2024-12-04T10:28:24.762884,2024-12-04T10:45:55.513616,17.51,17.1,17.1,16,7,7.0,17.1,Tom kaj Anna estas,CSN21,7,,,,CSN21,CSN21,Tom kaj Anna estas
conv_67502f33,False,1,1,1733308211.830855,1733349140.486138,2024-12-04T10:30:11.830855,2024-12-04T21:52:20.486138,682.14,10.74,10.74,29,14,14.0,10.74,Kiel diri nome en Esperanto,CSN2,14,,,,CSN2,CSN2,Kiel diri nome en Esperanto
conv_67502ffe,False,1,1,1733308414.768337,1733308846.108416,2024-12-04T10:33:34.768337,2024-12-04T10:40:46.108416,7.19,6.31,6.31,13,6,6.0,6.31,FGS Acronym Meanings,CSN21,6,,,,CSN21,CSN21,FGS Acronym Meanings
conv_6750305a,False,1,1,1733308507.397134,1733309148.87711,2024-12-04T10:35:07.397134,2024-12-04T10:45:48.877110,10.69,8.67,8.67,26,13,13.0,8.67,Flugi kaj Muŝo,CSN7,13,,,,CSN7,CSN7,Flugi kaj Muŝo
conv_67503181,False,1,0,1733308801.713007,1733328771.582589,2024-12-04T10:40:01.713007,2024-12-04T16:12:51.582589,332.83,4.73,4.73,11,5,5.0,0,,,0,,,,CSN13,CSN13,Kreonado de pluraloj
conv_6750324e,False,1,1,1733309006.422872,1733309264.605108,2024-12-04T10:43:26.422872,2024-12-04T10:47:44.605108,4.3,2.89,2.89,19,9,9.0,2.89,Esperanto rapidaj demandoj,CSN8,9,,,,CSN8,CSN8,Esperanto rapidaj demandoj
conv_67503743,False,1,0,1733310276.068213,1733353540.063225,2024-12-04T11:04:36.068213,2024-12-04T23:05:40.063225,721.07,0.06,0.06,3,1,1.0,0,,,0,,,,CSN20,CSN20,DSFDF Meaning Explained
conv_67503dff,False,1,1,1733311999.465116,1733313649.159377,2024-12-04T11:33:19.465116,2024-12-04T12:00:49.159377,27.49,25.79,25.79,45,21,21.0,25.79,About Esperanto Language,CSN7,21,,,,CSN7,CSN7,About Esperanto Language
conv_67503fc8,False,1,1,1733312457.104464,1733313690.708067,2024-12-04T11:40:57.104464,2024-12-04T12:01:30.708067,20.56,13.22,13.22,21,10,10.0,13.22,ID format clarification,CSN9,10,,,,CSN9,CSN9,ID format clarification
conv_67504168,False,1,1,1733312872.988111,1733313927.454206,2024-12-04T11:47:52.988111,2024-12-04T12:05:27.454206,17.57,9.5,9.5,26,11,11.0,9.5,ID Assistance Request,CSN2,11,,,,CSN2,CSN2,ID Assistance Request
conv_6750417e,False,1,1,1733312894.95367,1733313602.585121,2024-12-04T11:48:14.953670,2024-12-04T12:00:02.585121,11.79,8.75,8.75,23,11,11.0,8.75,Amikoj traduko,CSN20,11,,,,CSN20,CSN20,Amikoj traduko
conv_67504189,False,1,1,1733312905.806784,1733313751.172413,2024-12-04T11:48:25.806784,2024-12-04T12:02:31.172413,14.09,13.64,13.64,33,14,14.0,13.64,Hornady Neck Turn Tool,CSN14,14,,,,CSN14,CSN14,Hornady Neck Turn Tool
conv_67504251,False,1,1,1733313105.40961,1733313776.239352,2024-12-04T11:51:45.409610,2024-12-04T12:02:56.239352,11.18,2.66,2.66,10,3,3.0,2.66,ID Assistance,CSN13,3,,,,CSN13,CSN13,ID Assistance
conv_67504261,False,1,1,1733313121.946133,1733313893.287169,2024-12-04T11:52:01.946133,2024-12-04T12:04:53.287169,12.86,9.47,9.47,19,9,9.0,9.47,Amikoj traduko,CSN6,9,,,,CSN6,CSN6,Amikoj traduko
conv_67504270,False,1,0,1733313137.22856,1733313912.651335,2024-12-04T11:52:17.228560,2024-12-04T12:05:12.651335,12.92,0.03,0.03,3,1,1.0,0,,,0,,,,CSN8,CSN8,ID sharing and assistance
conv_675047be,False,1,1,1733314494.466675,1733317961.012549,2024-12-04T12:14:54.466675,2024-12-04T13:12:41.012549,57.78,3.76,3.76,13,6,6.0,3.76,Kompreno de Esperanto,CSN21,6,,,,CSN21,CSN21,Kompreno de Esperanto
conv_67504ca7,False,1,0,1733315752.152446,1733349187.710275,2024-12-04T12:35:52.152446,2024-12-04T21:53:07.710275,557.26,0.27,0.27,3,1,1.0,0,,,0,,,,CSN2,CSN2,Study Payment and Guidelines
conv_67504efe,False,1,1,1733316350.350372,1733317559.879893,2024-12-04T12:45:50.350372,2024-12-04T13:05:59.879893,20.16,18.73,18.73,69,34,34.0,18.73,Nomo en Esperanto,CSN9,34,,,,CSN9,CSN9,Nomo en Esperanto
conv_67505069,False,1,1,1733316713.380575,1733317887.352032,2024-12-04T12:51:53.380575,2024-12-04T13:11:27.352032,19.57,18.82,18.82,37,15,15.0,18.82,ID Update Confirmation,CSN18,15,,,,CSN18,CSN18,ID Update Confirmation
conv_67505101,False,1,1,1733316866.38605,1733317695.941661,2024-12-04T12:54:26.386050,2024-12-04T13:08:15.941661,13.83,11.02,11.02,24,12,12.0,11.02,Plurligo en Esperanto,CSN7,12,,,,CSN7,CSN7,Plurligo en Esperanto
conv_675053ab,False,1,1,1733317547.898058,1733317633.205335,2024-12-04T13:05:47.898058,2024-12-04T13:07:13.205335,1.42,0.77,0.77,7,3,3.0,0.77,Laca frazo klarigo,CSN7,3,,,,CSN7,CSN7,Laca frazo klarigo
conv_675053e5,False,1,0,1733317605.392088,1733317617.738145,2024-12-04T13:06:45.392088,2024-12-04T13:06:57.738145,0.21,0.14,0.14,3,1,1.0,0,,,0,,,,CSN10,CSN10,Letter B Overview
conv_67505463,False,1,1,1733317731.434976,1733317850.58285,2024-12-04T13:08:51.434976,2024-12-04T13:10:50.582850,1.99,1.72,1.72,10,4,4.0,1.72,Knabo en Esperanto,CSN9,4,,,,CSN9,CSN9,Knabo en Esperanto
conv_675054c2,False,1,1,1733317826.505816,1733317835.942136,2024-12-04T13:10:26.505816,2024-12-04T13:10:35.942136,0.16,0.12,0.12,3,1,1.0,0.12,Kial aldoni n en Esperanto,CSN4,1,,,,CSN4,CSN4,Kial aldoni n en Esperanto
conv_67505d60,False,1,0,1733320033.227347,1733352556.249022,2024-12-04T13:47:13.227347,2024-12-04T22:49:16.249022,542.05,23.96,23.96,17,3,3.0,0,,,0,,,,CSN15,CSN15,Beautiful Immortal Depiction
conv_67505d75,False,1,1,1733320054.079906,1733350692.224739,2024-12-04T13:47:34.079906,2024-12-04T22:18:12.224739,510.64,28.15,28.15,79,37,37.0,28.15,研究付款与奖励,CSN8,37,,,,CSN8,CSN8,研究付款与奖励
conv_67505f34,False,1,1,1733320501.157042,1733321671.44941,2024-12-04T13:55:01.157042,2024-12-04T14:14:31.449410,19.5,18.48,18.48,34,16,16.0,18.48,Infinitive in Language,CSN18,16,,,,CSN18,CSN18,Infinitive in Language
conv_67506105,False,2,2,1733320965.673573,1733352516.500798,2024-12-04T14:02:45.673573,2024-12-04T22:48:36.500798,525.85,24.28,12.14,65,30,15.0,22.05,ID Request Summary,CSN4,27,,,,"CSN15,CSN4",CSN15,ID Request Summary | Viro rapida traduko
conv_675062d1,False,1,1,1733321426.921035,1733352595.775872,2024-12-04T14:10:26.921035,2024-12-04T22:49:55.775872,519.48,15.68,15.68,36,14,14.0,15.68,Esperanto Pluralo Regulo,CSN15,14,,,,CSN15,CSN15,Esperanto Pluralo Regulo
conv_67506427,False,1,1,1733321768.245079,1733322383.512741,2024-12-04T14:16:08.245079,2024-12-04T14:26:23.512741,10.25,8.67,8.67,5,2,2.0,8.67,Kio estas hieraŭ,CSN20,2,,,,CSN20,CSN20,Kio estas hieraŭ
conv_67506442,False,1,1,1733321794.467761,1733350729.1029,2024-12-04T14:16:34.467761,2024-12-04T22:18:49.102900,482.24,237.71,237.71,24,11,11.0,237.71,Letter U Overview,CSN8,11,,,,CSN8,CSN8,Letter U Overview
conv_67506550,False,1,1,1733322065.172697,1733353167.576282,2024-12-04T14:21:05.172697,2024-12-04T22:59:27.576282,518.37,0.51,0.51,3,1,1.0,0.51,Baza Vortaro en Esperanto,CSN18,1,,,,CSN18,CSN18,Baza Vortaro en Esperanto
conv_675068fe,False,1,1,1733323006.382056,1733335288.432039,2024-12-04T14:36:46.382056,2024-12-04T18:01:28.432039,204.7,2.65,2.65,11,5,5.0,2.65,Viro kaj virino resumo,CSN21,5,,,,CSN21,CSN21,Viro kaj virino resumo
conv_67506d12,False,1,0,1733324050.601891,1733352967.868962,2024-12-04T14:54:10.601891,2024-12-04T22:56:07.868962,481.95,0.12,0.12,3,1,1.0,0,,,0,,,,CSN17,CSN17,Meaning of Hol
conv_675071b1,False,1,1,1733325234.025288,1733326565.255841,2024-12-04T15:13:54.025288,2024-12-04T15:36:05.255841,22.19,20.93,20.93,23,11,11.0,20.93,ID Assistance,CSN4,11,,,,CSN4,CSN4,ID Assistance
conv_675073f3,False,1,1,1733325811.575378,1733326868.46125,2024-12-04T15:23:31.575378,2024-12-04T15:41:08.461250,17.61,15.91,15.91,24,11,11.0,15.91,ID clarification request,CSN20,11,,,,CSN20,CSN20,ID clarification request
conv_67507416,False,1,1,1733325847.209804,1733326759.960459,2024-12-04T15:24:07.209804,2024-12-04T15:39:19.960459,15.21,14.45,14.45,17,8,8.0,14.45,ID Assistance Request,CSN16,8,,,,CSN16,CSN16,ID Assistance Request
conv_675074c5,False,1,1,1733326022.289816,1733326948.975067,2024-12-04T15:27:02.289816,2024-12-04T15:42:28.975067,15.44,12.47,12.47,37,18,18.0,12.47,ID Request Clarification,CSN21,18,,,,CSN21,CSN21,ID Request Clarification
conv_67507504,False,1,1,1733326085.131079,1733326834.251195,2024-12-04T15:28:05.131079,2024-12-04T15:40:34.251195,12.49,10.74,10.74,21,10,10.0,10.74,ID Pattern Analysis,CSN9,10,,,,CSN9,CSN9,ID Pattern Analysis
conv_67507588,False,1,1,1733326216.919394,1733335780.783657,2024-12-04T15:30:16.919394,2024-12-04T18:09:40.783657,159.4,9.33,9.33,11,5,5.0,9.33,Amikoj en Esperanto,CSN6,5,,,,CSN6,CSN6,Amikoj en Esperanto
conv_675077c2,False,1,1,1733326787.082852,1733349672.090439,2024-12-04T15:39:47.082852,2024-12-04T22:01:12.090439,381.42,0.78,0.78,7,3,3.0,0.78,La birdo en Esperanto,CSN4,3,,,,CSN4,CSN4,La birdo en Esperanto
conv_675078b3,False,1,1,1733327027.31504,1733350381.546946,2024-12-04T15:43:47.315040,2024-12-04T22:13:01.546946,389.24,3.88,3.88,10,5,5.0,3.88,Code to start test,CSN7,5,,,,CSN7,CSN7,Code to start test
conv_67507929,False,1,1,1733327145.57175,1733331214.330408,2024-12-04T15:45:45.571750,2024-12-04T16:53:34.330408,67.81,56.73,56.73,7,3,3.0,56.73,Gramatika korekto en Esperanto,CSN3,3,,,,CSN3,CSN3,Gramatika korekto en Esperanto
conv_67508449,False,1,1,1733329994.1406,1733330639.638905,2024-12-04T16:33:14.140600,2024-12-04T16:43:59.638905,10.76,2.01,2.01,7,3,3.0,2.01,ID Acknowledgment Response,CSN1,3,,,,CSN1,CSN1,ID Acknowledgment Response
conv_675084b1,False,1,1,1733330097.653294,1733331306.681844,2024-12-04T16:34:57.653294,2024-12-04T16:55:06.681844,20.15,15.79,15.79,9,4,4.0,15.79,What are Infinitives,CSN20,4,,,,CSN20,CSN20,What are Infinitives
conv_6750855a,False,1,1,1733330266.626982,1733331131.652415,2024-12-04T16:37:46.626982,2024-12-04T16:52:11.652415,14.42,13.83,13.83,16,6,6.0,13.83,ID Assistance,CSN13,6,,,,CSN13,CSN13,ID Assistance
conv_67508782,False,1,1,1733330819.306722,1733331228.107905,2024-12-04T16:46:59.306722,2024-12-04T16:53:48.107905,6.81,5.05,5.05,10,5,5.0,5.05,Kio signifas hieraŭ,CSN7,5,,,,CSN7,CSN7,Kio signifas hieraŭ
conv_6750943f,False,1,1,1733334079.906244,1733335867.666775,2024-12-04T17:41:19.906244,2024-12-04T18:11:07.666775,29.8,25.19,25.19,53,24,24.0,25.19,Praktiko de Esperanto,CSN15,24,,,,CSN15,CSN15,Praktiko de Esperanto
conv_6750949d,False,1,1,1733334173.581501,1733335412.773209,2024-12-04T17:42:53.581501,2024-12-04T18:03:32.773209,20.65,14.51,14.51,31,15,15.0,14.51,Esperanto Lernado 101,CSN8,15,,,,CSN8,CSN8,Esperanto Lernado 101
conv_67509622,False,1,1,1733334562.84402,1733335760.03313,2024-12-04T17:49:22.844020,2024-12-04T18:09:20.033130,19.95,16.64,16.64,21,10,10.0,16.64,ID Confirmation Assistance,CSN20,10,,,,CSN20,CSN20,ID Confirmation Assistance
conv_67509792,False,1,1,1733334930.345991,1733335846.729825,2024-12-04T17:55:30.345991,2024-12-04T18:10:46.729825,15.27,10.13,10.13,12,5,5.0,10.13,ID Clarification Request,CSN9,5,,,,CSN9,CSN9,ID Clarification Request
conv_675097e0,False,1,1,1733335008.726858,1733351312.895756,2024-12-04T17:56:48.726858,2024-12-04T22:28:32.895756,271.74,13.78,13.78,33,16,16.0,13.78,Komplemento de frazo,CSN10,16,,,,CSN10,CSN10,Komplemento de frazo
conv_675098b3,False,1,1,1733335219.60116,1733335752.160951,2024-12-04T18:00:19.601160,2024-12-04T18:09:12.160951,8.88,5.32,5.32,19,9,9.0,5.32,Verbo adecuado en español,CSN4,9,,,,CSN4,CSN4,Verbo adecuado en español
conv_67509973,False,1,1,1733335411.943121,1733349244.713496,2024-12-04T18:03:31.943121,2024-12-04T21:54:04.713496,230.55,3.67,3.67,11,5,5.0,3.67,Timestamp Request Summary,CSN2,5,,,,CSN2,CSN2,Timestamp Request Summary
conv_67517e13,False,1,1,1733393939.392498,1733395372.898774,2024-12-05T10:18:59.392498,2024-12-05T10:42:52.898774,23.89,16.0,16.0,20,9,9.0,16.0,Significado de dormis,CSN8,9,,,,CSN8,CSN8,Significado de dormis
conv_67517f3b,False,1,1,1733394235.622429,1733395301.747746,2024-12-05T10:23:55.622429,2024-12-05T10:41:41.747746,17.77,17.7,17.7,29,14,14.0,17.7,Esperanto Rapida Lerno,CSN1,14,,,,CSN1,CSN1,Esperanto Rapida Lerno
conv_6751c410,False,1,1,1733411856.767489,1733413144.795126,2024-12-05T15:17:36.767489,2024-12-05T15:39:04.795126,21.47,17.6,17.6,25,12,12.0,17.6,Esperanto verbo flugi,CSN17,12,,,,CSN17,CSN17,Esperanto verbo flugi
conv_6751c42b,False,1,1,1733411883.874476,1733412783.061413,2024-12-05T15:18:03.874476,2024-12-05T15:33:03.061413,14.99,2.88,2.88,6,3,3.0,2.88,ID clarification request,CSN19,3,,,,CSN19,CSN19,ID clarification request
conv_6751c501,False,1,1,1733412097.765319,1733413017.740189,2024-12-05T15:21:37.765319,2024-12-05T15:36:57.740189,15.33,14.51,14.51,31,15,15.0,14.51,ID format clarification,CSN11,15,,,,CSN11,CSN11,ID format clarification
conv_6751c657,False,1,1,1733412439.58444,1733413401.475702,2024-12-05T15:27:19.584440,2024-12-05T15:43:21.475702,16.03,13.79,13.79,13,6,6.0,13.79,ID clarification request,CSN21,6,,,,CSN21,CSN21,ID clarification request
conv_6751c8b5,False,1,0,1733413045.898548,1733413337.577277,2024-12-05T15:37:25.898548,2024-12-05T15:42:17.577277,4.86,0.05,0.05,3,1,1.0,0,,,0,,,,CSN16,CSN16,ID Sharing Assistance
conv_6751d4e7,False,1,1,1733416168.164658,1733510005.225371,2024-12-05T16:29:28.164658,2024-12-06T18:33:25.225371,1563.95,27.85,27.85,38,19,19.0,27.85,Present as meaning,CSN7,19,,,,CSN7,CSN7,Present as meaning
conv_6751d546,False,1,1,1733416262.879019,1733417997.454563,2024-12-05T16:31:02.879019,2024-12-05T16:59:57.454563,28.91,26.48,26.48,36,17,17.0,26.48,Tom dormis bona traduko,CSN8,17,,,,CSN8,CSN8,Tom dormis bona traduko
conv_6751d58e,False,1,1,1733416334.227781,1733417896.039066,2024-12-05T16:32:14.227781,2024-12-05T16:58:16.039066,26.03,22.91,22.91,34,16,16.0,22.91,ID Assistance,CSN5,16,,,,CSN5,CSN5,ID Assistance
conv_6751d893,False,1,1,1733417108.016713,1733509859.785405,2024-12-05T16:45:08.016713,2024-12-06T18:30:59.785405,1545.86,13.5,13.5,9,4,4.0,13.5,Plurala formo en Esperanto,CSN6,4,,,,CSN6,CSN6,Plurala formo en Esperanto
